Frame,Satellite,Station,Elevation_deg,Rate_Mbps,Distance_km,Selected
0,SAT_179,"Cape Town, South Africa",15.21,1086.5,1494.6,YES
1,SAT_179,"Cape Town, South Africa",23.56,1181.8,1110.6,YES
2,SAT_178,"Cape Town, South Africa",36.68,1331.5,724.0,YES
3,SAT_177,"Cape Town, South Africa",59.26,1589.2,339.7,YES
4,SAT_177,"Cape Town, South Africa",83.04,1860.6,70.9,YES
5,SAT_168,"Pretoria, South Africa",85.0,1882.9,50.5,YES
6,SAT_102,"Guildford Pole, UK",71.22,1725.7,196.0,YES
7,SAT_100,"Dundee, Scotland",79.85,1824.2,103.8,YES
8,SAT_025,"Cordoba, Argentina",78.99,1814.4,112.5,YES
9,SAT_106,"Stockholm, Sweden",84.28,1874.7,58.1,YES
10,SAT_105,"Öjebyn, Sweden",73.29,1749.3,174.0,YES
11,SAT_014,"Punta Arenas, Chile",82.76,1857.4,74.7,YES
12,SAT_067,"Pendergrass, USA",87.1,1906.9,29.1,YES
13,SAT_132,"Dubai, UAE",54.24,1531.9,402.5,YES
14,SAT_132,"Dubai, UAE",33.61,1296.5,788.1,YES
15,SAT_132,"Dubai, UAE",21.64,1159.9,1174.3,YES
16,SAT_089,"Deadhorse, USA",17.19,1109.1,1399.9,YES
17,SAT_067,"Mojave, USA",27.29,1224.3,971.4,YES
18,SAT_067,"Mojave, USA",45.09,1427.5,548.2,YES
19,SAT_066,"Mojave, USA",78.03,1803.4,121.1,YES
20,SAT_086,"North Pole, USA",76.44,1785.3,139.6,YES
21,SAT_085,"North Pole, USA",61.35,1613.0,312.5,YES
22,SAT_085,"North Pole, USA",36.65,1331.2,723.9,YES
23,SAT_146,Singapore,24.66,1194.4,1052.1,YES
24,SAT_146,Singapore,38.58,1353.2,668.3,YES
25,SAT_146,Singapore,62.99,1631.8,285.7,YES
26,SAT_146,Singapore,79.11,1815.7,108.8,YES
27,SAT_118,"Seoul, South Korea",77.85,1801.3,122.7,YES
28,SAT_108,"Obihiro, Japan",83.53,1866.1,64.9,YES
29,SAT_063,"Kapolei, USA",85.86,1892.8,40.9,YES
30,SAT_186,"Dubbo, Australia",53.56,1524.1,416.8,YES
31,SAT_186,"Dubbo, Australia",84.91,1881.9,51.3,YES
32,SAT_170,"Alice Springs, Australia",66.3,1669.6,248.2,YES
33,SAT_169,"Alice Springs, Australia",40.61,1376.4,628.1,YES
34,SAT_123,"Harmon, Guam",42.75,1400.9,582.1,YES
35,SAT_124,"Harmon, Guam",70.12,1713.1,202.5,YES
36,SAT_126,"Harmon, Guam",72.44,1739.6,177.2,YES
37,SAT_128,"Harmon, Guam",44.47,1420.4,548.5,YES
38,SAT_130,"Harmon, Guam",28.6,1239.3,911.8,YES
39,SAT_133,"Harmon, Guam",19.04,1130.2,1266.6,YES
40,SAT_136,"Harmon, Guam",12.62,1056.9,1610.1,YES
41,SAT_005,"Harmon, Guam",10.67,1034.8,1745.9,YES
42,SAT_009,"Harmon, Guam",17.12,1108.3,1362.5,YES
43,SAT_012,"Harmon, Guam",26.77,1218.4,969.2,YES
44,SAT_014,"Harmon, Guam",43.35,1407.6,567.1,YES
45,SAT_016,"Harmon, Guam",74.09,1758.5,158.7,YES
46,SAT_018,"Harmon, Guam",65.1,1655.9,256.8,YES
47,SAT_019,"Harmon, Guam",37.7,1343.1,676.5,YES
48,SAT_091,"Dubbo, Australia",55.82,1550.0,377.2,YES
49,SAT_091,"Dubbo, Australia",83.42,1864.9,65.4,YES
50,SAT_075,"Alice Springs, Australia",55.91,1551.0,373.7,YES
51,SAT_003,"Obihiro, Japan",55.71,1548.7,375.1,YES
52,SAT_004,"Chitose, Japan",85.71,1891.0,42.1,YES
53,SAT_103,"Awarua, New Zeland",86.04,1894.8,39.5,YES
54,SAT_070,"Mingenew, Australia",70.98,1722.9,192.8,YES
55,SAT_046,Singapore,83.6,1867.0,62.0,YES
56,SAT_134,"Tahiti, French Polynesia",60.34,1601.5,312.8,YES
57,SAT_135,"Tahiti, French Polynesia",80.38,1830.2,94.2,YES
58,SAT_135,"Tahiti, French Polynesia",49.22,1474.7,465.7,YES
59,SAT_185,"North Pole, USA",31.91,1277.1,821.6,YES
60,SAT_185,"North Pole, USA",52.22,1508.9,426.0,YES
61,SAT_189,"Utqiagvik, USA",80.49,1831.5,94.6,YES
62,SAT_187,"Deadhorse, USA",74.56,1763.8,155.5,YES
63,SAT_172,"Portland, USA",55.84,1550.2,371.8,YES
64,SAT_172,"Portland, USA",87.6,1912.6,23.4,YES
65,SAT_166,"Mojave, USA",86.31,1897.9,35.9,YES
66,SAT_166,"Mojave, USA",56.96,1562.9,355.6,YES
67,SAT_033,"Dubai, UAE",83.39,1864.5,64.2,YES
68,SAT_032,"Zallaq, Bahrain",86.53,1900.4,33.6,YES
69,SAT_008,"Öjebyn, Sweden",72.1,1735.7,181.8,YES
70,SAT_010,"Stockholm, Sweden",87.59,1912.5,23.7,YES
71,SAT_112,"Punta Arenas, Chile",60.75,1606.2,317.1,YES
72,SAT_110,"Ushuaia, Argentina",85.82,1892.3,42.0,YES
73,SAT_063,"Pretoria, South Africa",85.35,1886.9,45.8,YES
74,SAT_069,"Cape Town, South Africa",85.87,1892.9,40.8,YES
75,SAT_069,"Cape Town, South Africa",52.13,1507.9,429.3,YES
76,SAT_121,"Cordoba, Argentina",51.58,1501.6,438.7,YES
77,SAT_121,"Cordoba, Argentina",85.37,1887.2,45.9,YES
78,SAT_121,"Cordoba, Argentina",58.03,1575.1,348.4,YES
79,SAT_122,"Cordoba, Argentina",35.44,1317.3,738.2,YES
80,SAT_041,"Accra, Ghana",48.17,1462.6,484.2,YES
81,SAT_041,"Accra, Ghana",85.41,1887.6,44.9,YES
82,SAT_041,"Accra, Ghana",54.04,1529.6,397.5,YES
83,SAT_042,"Accra, Ghana",31.28,1269.9,835.2,YES
84,SAT_042,"Accra, Ghana",18.95,1129.2,1273.5,YES
85,SAT_042,"Accra, Ghana",11.13,1039.9,1712.9,YES
86,SAT_043,"Accra, Ghana",5.49,975.6,2150.7,YES
94,SAT_135,"Accra, Ghana",5.69,977.9,2143.5,YES
95,SAT_138,"Accra, Ghana",10.45,1032.2,1771.2,YES
96,SAT_139,"Accra, Ghana",16.76,1104.2,1392.1,YES
97,SAT_140,"Accra, Ghana",25.85,1207.9,1011.0,YES
98,SAT_140,"Accra, Ghana",40.53,1375.5,629.1,YES
99,SAT_141,"Accra, Ghana",66.29,1669.4,247.6,YES
100,SAT_016,"Cordoba, Argentina",83.68,1867.9,64.2,YES
101,SAT_017,"Cordoba, Argentina",52.34,1510.2,436.9,YES
102,SAT_017,"Cordoba, Argentina",31.38,1271.0,861.2,YES
103,SAT_072,"Pendergrass, USA",52.52,1512.3,429.0,YES
104,SAT_071,"Pendergrass, USA",86.2,1896.7,38.0,YES
105,SAT_111,"Guildford Pole, UK",85.17,1884.8,48.9,YES
106,SAT_169,"Cape Town, South Africa",79.64,1821.8,105.9,YES
107,SAT_112,"Dublin, Ireland",72.52,1740.5,181.6,YES
108,SAT_162,"Pretoria, South Africa",82.63,1855.9,74.5,YES
109,SAT_111,"Stockholm, Sweden",77.59,1798.3,127.5,YES
110,SAT_109,"Öjebyn, Sweden",80.4,1830.5,98.2,YES
111,SAT_066,"Mojave, USA",78.22,1805.6,119.3,YES
112,SAT_072,"Portland, USA",84.96,1882.5,50.8,YES
113,SAT_072,"Portland, USA",56.08,1553.0,379.7,YES
114,SAT_132,"Zallaq, Bahrain",85.6,1889.8,43.9,YES
115,SAT_083,"North Pole, USA",89.25,1931.4,7.6,YES
116,SAT_133,"Dubai, UAE",64.37,1647.5,270.8,YES
117,SAT_133,"Dubai, UAE",39.31,1361.5,655.7,YES
118,SAT_036,"Tahiti, French Polynesia",62.01,1620.6,300.6,YES
119,SAT_037,"Tahiti, French Polynesia",73.52,1752.0,168.4,YES
120,SAT_060,"Paumalu, USA",70.28,1715.0,202.6,YES
121,SAT_059,"Kapolei, USA",67.42,1682.4,234.3,YES
122,SAT_011,"Awarua, New Zeland",54.93,1539.8,401.7,YES
123,SAT_012,"Awarua, New Zeland",83.35,1864.1,67.9,YES
124,SAT_012,"Awarua, New Zeland",52.27,1509.4,438.4,YES
125,SAT_094,"Chitose, Japan",66.23,1668.8,250.6,YES
126,SAT_092,"Obihiro, Japan",73.53,1752.1,168.6,YES
127,SAT_104,"Seoul, South Korea",83.31,1863.7,66.9,YES
128,SAT_177,"Mingenew, Australia",84.72,1879.8,53.0,YES
129,SAT_145,Singapore,64.04,1643.7,271.4,YES
130,SAT_145,Singapore,77.73,1800.0,122.1,YES
131,SAT_194,"Alice Springs, Australia",82.37,1852.9,76.6,YES
132,SAT_077,"Harmon, Guam",48.87,1470.6,477.9,YES
133,SAT_075,"Harmon, Guam",82.36,1852.8,75.5,YES
134,SAT_072,"Harmon, Guam",59.81,1595.5,322.6,YES
135,SAT_068,"Harmon, Guam",36.47,1329.1,707.7,YES
136,SAT_064,"Harmon, Guam",23.51,1181.2,1082.4,YES
137,SAT_059,"Harmon, Guam",15.44,1089.1,1445.8,YES
138,SAT_189,"Harmon, Guam",12.54,1056.0,1623.3,YES
139,SAT_185,"Harmon, Guam",19.09,1130.8,1268.1,YES
140,SAT_182,"Harmon, Guam",28.77,1241.3,906.8,YES
141,SAT_179,"Harmon, Guam",44.8,1424.2,541.1,YES
142,SAT_177,"Harmon, Guam",73.04,1746.4,169.8,YES
143,SAT_175,"Harmon, Guam",69.74,1708.8,204.9,YES
144,SAT_098,"Alice Springs, Australia",69.93,1711.0,205.5,YES
145,SAT_045,Singapore,54.27,1532.2,390.7,YES
146,SAT_045,Singapore,84.6,1878.4,52.3,YES
147,SAT_110,"Dubbo, Australia",86.78,1903.2,31.9,YES
148,SAT_200,"Seoul, South Korea",62.89,1630.6,284.2,YES
149,SAT_191,"Chitose, Japan",84.94,1882.3,49.6,YES
150,SAT_189,"Obihiro, Japan",54.83,1538.7,387.5,YES
151,SAT_113,"Awarua, New Zeland",36.04,1324.2,725.3,YES
152,SAT_113,"Awarua, New Zeland",59.73,1594.6,327.0,YES
153,SAT_113,"Awarua, New Zeland",82.15,1850.5,78.4,YES
154,SAT_114,"Awarua, New Zeland",49.61,1479.0,470.2,YES
155,SAT_114,"Awarua, New Zeland",30.92,1265.8,858.1,YES
156,SAT_159,"Kapolei, USA",30.84,1264.9,836.4,YES
157,SAT_159,"Kapolei, USA",50.18,1485.6,448.1,YES
158,SAT_159,"Kapolei, USA",83.73,1868.4,60.7,YES
159,SAT_032,"Zallaq, Bahrain",72.14,1736.1,177.7,YES
160,SAT_187,"Utqiagvik, USA",77.96,1802.6,120.3,YES
161,SAT_183,"North Pole, USA",82.32,1852.3,76.0,YES
162,SAT_009,"Sodankylä, Finland",62.46,1625.7,291.1,YES
163,SAT_009,"Sodankylä, Finland",76.68,1788.0,133.4,YES
164,SAT_013,"Stockholm, Sweden",78.67,1810.7,112.7,YES
165,SAT_061,"Pretoria, South Africa",72.1,1735.7,180.2,YES
166,SAT_015,"Dublin, Ireland",80.26,1828.9,96.4,YES
167,SAT_012,"Dundee, Scotland",80.8,1835.0,91.3,YES
168,SAT_015,"Guildford Pole, UK",76.39,1784.7,135.9,YES
169,SAT_167,"Mojave, USA",45.66,1434.0,524.9,YES
170,SAT_102,"Ushuaia, Argentina",61.05,1609.6,314.7,YES
171,SAT_104,"Punta Arenas, Chile",82.59,1855.4,74.8,YES
172,SAT_043,"Accra, Ghana",87.44,1910.8,24.9,YES
173,SAT_180,"Columbus, USA",82.26,1851.7,76.5,YES
174,SAT_176,"Pendergrass, USA",73.91,1756.4,161.6,YES
175,SAT_176,"Pendergrass, USA",66.12,1667.5,246.8,YES
176,SAT_105,"Cordoba, Argentina",53.68,1525.5,411.0,YES
177,SAT_105,"Cordoba, Argentina",87.6,1912.6,24.0,YES
178,SAT_105,"Cordoba, Argentina",54.15,1530.9,403.4,YES
179,SAT_105,"Cordoba, Argentina",32.71,1286.2,810.0,YES
180,SAT_106,"Cordoba, Argentina",20.61,1148.1,1215.1,YES
181,SAT_107,"Cordoba, Argentina",12.83,1059.4,1618.5,YES
182,SAT_109,"Cordoba, Argentina",7.25,995.7,2016.4,YES
189,SAT_001,"Cordoba, Argentina",8.65,1011.7,2006.6,YES
190,SAT_001,"Cordoba, Argentina",14.92,1083.1,1595.3,YES
191,SAT_001,"Cordoba, Argentina",23.59,1182.2,1185.3,YES
192,SAT_001,"Cordoba, Argentina",36.92,1334.3,777.2,YES
193,SAT_001,"Cordoba, Argentina",59.09,1587.3,373.8,YES
194,SAT_200,"Cordoba, Argentina",82.69,1856.6,74.3,YES
195,SAT_200,"Cordoba, Argentina",59.05,1586.8,343.5,YES
196,SAT_081,"Pendergrass, USA",60.48,1603.1,320.4,YES
197,SAT_081,"Pendergrass, USA",79.15,1816.2,109.9,YES
198,SAT_084,"Columbus, USA",83.11,1861.4,69.6,YES
199,SAT_001,"Punta Arenas, Chile",57.78,1572.3,408.1,YES
200,SAT_200,"Punta Arenas, Chile",83.41,1864.8,68.0,YES
201,SAT_199,"Ushuaia, Argentina",65.49,1660.4,266.8,YES
202,SAT_070,"Mojave, USA",48.42,1465.5,492.6,YES
203,SAT_069,"Mojave, USA",81.4,1841.9,86.6,YES
204,SAT_143,"Accra, Ghana",74.19,1759.6,160.7,YES
205,SAT_074,"Portland, USA",79.26,1817.4,109.1,YES
206,SAT_113,"Dundee, Scotland",84.69,1879.4,53.8,YES
207,SAT_116,"Dublin, Ireland",73.73,1754.4,168.1,YES
208,SAT_116,"Dublin, Ireland",68.22,1691.4,229.5,YES
209,SAT_166,"Cape Town, South Africa",82.17,1850.6,79.7,YES
210,SAT_109,"Sodankylä, Finland",79.56,1820.9,107.0,YES
211,SAT_161,"Pretoria, South Africa",75.48,1774.3,148.8,YES
212,SAT_058,"Kapolei, USA",76.59,1787.0,135.5,YES
213,SAT_148,"Mwulire, Rwanda",68.48,1694.4,223.1,YES
214,SAT_148,"Mwulire, Rwanda",41.97,1391.9,602.1,YES
215,SAT_017,"Awarua, New Zeland",34.87,1310.8,774.7,YES
216,SAT_018,"Awarua, New Zeland",58.61,1581.8,350.6,YES
217,SAT_131,"Zallaq, Bahrain",82.69,1856.6,72.9,YES
218,SAT_131,"Dubai, UAE",71.47,1728.5,189.7,YES
219,SAT_131,"Dubai, UAE",70.62,1718.9,198.7,YES
220,SAT_080,"Obihiro, Japan",55.08,1541.5,392.1,YES
221,SAT_080,"Obihiro, Japan",86.6,1901.2,34.0,YES
222,SAT_021,"Dubbo, Australia",80.6,1832.8,95.2,YES
223,SAT_086,"Seoul, South Korea",63.71,1639.9,279.6,YES
224,SAT_086,"Seoul, South Korea",75.9,1779.1,142.9,YES
225,SAT_059,"Harmon, Guam",63.69,1639.8,275.9,YES
226,SAT_020,"Alice Springs, Australia",82.36,1852.8,76.6,YES
227,SAT_001,"Mingenew, Australia",86.47,1899.7,36.3,YES
228,SAT_001,"Mingenew, Australia",51.76,1503.6,446.3,YES
229,SAT_002,"Mingenew, Australia",31.1,1267.9,859.3,YES
230,SAT_002,"Mingenew, Australia",19.17,1131.7,1275.8,YES
231,SAT_137,Singapore,26.1,1210.8,990.9,YES
232,SAT_138,Singapore,41.13,1382.3,608.8,YES
233,SAT_140,Singapore,67.68,1685.2,228.0,YES
234,SAT_143,Singapore,74.67,1765.0,152.7,YES
235,SAT_013,Singapore,50.73,1491.9,447.0,YES
236,SAT_025,Singapore,72.46,1739.8,176.1,YES
237,SAT_039,Singapore,74.9,1767.6,149.9,YES
238,SAT_041,Singapore,42.82,1401.6,573.7,YES
239,SAT_042,Singapore,25.31,1201.8,1010.9,YES
240,SAT_102,"Mingenew, Australia",27.5,1226.7,952.3,YES
241,SAT_103,"Mingenew, Australia",44.86,1424.9,545.3,YES
242,SAT_104,"Mingenew, Australia",75.28,1772.1,148.2,YES
243,SAT_104,"Mingenew, Australia",64.71,1651.4,265.2,YES
244,SAT_121,"Alice Springs, Australia",82.63,1855.9,72.6,YES
245,SAT_184,"Seoul, South Korea",62.36,1624.5,289.8,YES
246,SAT_159,"Harmon, Guam",86.47,1899.7,34.1,YES
247,SAT_159,"Harmon, Guam",51.97,1506.0,422.2,YES
248,SAT_122,"Dubbo, Australia",66.82,1675.5,239.1,YES
249,SAT_179,"Chitose, Japan",86.36,1898.5,35.5,YES
250,SAT_029,"Dubai, UAE",77.82,1801.0,119.4,YES
251,SAT_029,"Zallaq, Bahrain",83.06,1860.8,67.4,YES
252,SAT_029,"Zallaq, Bahrain",47.3,1452.7,494.3,YES
253,SAT_119,"Awarua, New Zeland",51.34,1498.9,441.9,YES
254,SAT_119,"Awarua, New Zeland",85.0,1883.0,49.6,YES
255,SAT_048,"Mwulire, Rwanda",80.66,1833.4,90.8,YES
256,SAT_061,"Pretoria, South Africa",81.83,1846.8,80.1,YES
257,SAT_009,"Sodankylä, Finland",75.22,1771.3,148.4,YES
258,SAT_010,"Öjebyn, Sweden",80.86,1835.7,90.6,YES
259,SAT_186,"Utqiagvik, USA",70.21,1714.2,202.3,YES
260,SAT_186,"Deadhorse, USA",78.34,1806.9,116.5,YES
261,SAT_183,"North Pole, USA",84.2,1873.8,57.3,YES
262,SAT_159,"Paumalu, USA",73.52,1751.9,163.4,YES
263,SAT_043,"Accra, Ghana",80.02,1826.1,97.3,YES
264,SAT_137,"Tahiti, French Polynesia",80.28,1829.1,95.4,YES
265,SAT_137,"Tahiti, French Polynesia",54.89,1539.3,384.5,YES
266,SAT_177,"Portland, USA",54.8,1538.3,388.4,YES
267,SAT_177,"Portland, USA",87.91,1916.1,20.6,YES
268,SAT_092,"Ushuaia, Argentina",87.21,1908.1,28.1,YES
269,SAT_093,"Punta Arenas, Chile",66.87,1676.0,243.9,YES
270,SAT_173,"Mojave, USA",73.96,1757.0,160.7,YES
271,SAT_194,"Columbus, USA",53.13,1519.3,414.3,YES
272,SAT_194,"Columbus, USA",85.28,1886.1,46.7,YES
273,SAT_194,"Pendergrass, USA",67.53,1683.6,232.1,YES
274,SAT_082,"Cordoba, Argentina",73.3,1749.4,170.4,YES
275,SAT_082,"Cordoba, Argentina",42.86,1402.0,585.7,YES
276,SAT_081,"Cordoba, Argentina",26.1,1210.8,1004.3,YES
277,SAT_080,"Cordoba, Argentina",16.22,1098.0,1422.3,YES
278,SAT_078,"Cordoba, Argentina",9.54,1021.8,1838.0,YES
287,SAT_097,"Pendergrass, USA",6.68,989.2,2068.4,YES
288,SAT_097,"Pendergrass, USA",12.34,1053.8,1654.4,YES
289,SAT_097,"Pendergrass, USA",20.12,1142.6,1240.9,YES
290,SAT_097,"Pendergrass, USA",32.17,1280.0,828.0,YES
291,SAT_097,"Pendergrass, USA",53.37,1522.0,416.8,YES
292,SAT_098,"Pendergrass, USA",84.17,1873.5,58.6,YES
293,SAT_181,"Cordoba, Argentina",84.85,1881.3,52.2,YES
294,SAT_098,"Columbus, USA",73.26,1749.0,172.8,YES
295,SAT_076,"Mojave, USA",65.27,1657.8,261.8,YES
296,SAT_076,"Mojave, USA",72.87,1744.5,176.3,YES
297,SAT_191,"Punta Arenas, Chile",69.09,1701.3,223.5,YES
298,SAT_080,"Portland, USA",87.76,1914.5,22.5,YES
299,SAT_189,"Ushuaia, Argentina",58.33,1578.6,358.4,YES
300,SAT_035,"Tahiti, French Polynesia",56.62,1559.1,371.3,YES
301,SAT_036,"Tahiti, French Polynesia",79.41,1819.1,107.1,YES
302,SAT_059,"Kapolei, USA",52.8,1515.5,422.7,YES
303,SAT_059,"Kapolei, USA",85.79,1892.0,42.0,YES
304,SAT_084,"North Pole, USA",81.77,1846.1,84.0,YES
305,SAT_087,"Utqiagvik, USA",74.47,1762.8,161.3,YES
306,SAT_087,"Utqiagvik, USA",65.8,1663.8,259.5,YES
307,SAT_118,"Guildford Pole, UK",83.98,1871.3,60.9,YES
308,SAT_143,"Accra, Ghana",70.24,1714.5,203.3,YES
309,SAT_117,"Dublin, Ireland",74.31,1760.9,161.6,YES
310,SAT_108,"Sodankylä, Finland",83.62,1867.2,64.9,YES
311,SAT_166,"Cape Town, South Africa",62.77,1629.3,294.4,YES
312,SAT_166,"Cape Town, South Africa",80.83,1835.4,93.2,YES
313,SAT_166,"Cape Town, South Africa",49.35,1476.1,480.8,YES
314,SAT_073,"Obihiro, Japan",69.32,1704.0,215.1,YES
315,SAT_074,"Chitose, Japan",78.19,1805.3,119.6,YES
316,SAT_148,"Mwulire, Rwanda",74.1,1758.5,161.0,YES
317,SAT_055,"Harmon, Guam",80.52,1831.8,94.5,YES
318,SAT_074,"Seoul, South Korea",81.19,1839.5,88.4,YES
319,SAT_030,"Alice Springs, Australia",71.48,1728.7,190.4,YES
320,SAT_126,"Zallaq, Bahrain",85.14,1884.6,48.2,YES
321,SAT_125,"Dubai, UAE",84.0,1871.5,59.5,YES
322,SAT_020,"Mingenew, Australia",61.77,1617.9,303.6,YES
323,SAT_020,"Mingenew, Australia",36.0,1323.7,730.5,YES
324,SAT_125,"Dubai, UAE",22.33,1167.8,1134.7,YES
325,SAT_049,Singapore,23.06,1176.1,1102.1,YES
326,SAT_049,Singapore,38.6,1353.5,661.5,YES
327,SAT_049,Singapore,68.38,1693.2,220.9,YES
328,SAT_049,Singapore,68.4,1693.5,220.4,YES
329,SAT_048,Singapore,38.55,1352.8,660.8,YES
330,SAT_048,Singapore,22.98,1175.1,1100.8,YES
331,SAT_048,Singapore,13.74,1069.7,1541.5,YES
332,SAT_115,Singapore,8.23,1006.9,1923.1,YES
333,SAT_170,Singapore,11.38,1042.8,1691.8,YES
334,SAT_159,Singapore,16.52,1101.4,1385.6,YES
335,SAT_151,Singapore,25.25,1201.1,1013.9,YES
336,SAT_150,Singapore,39.88,1368.0,629.5,YES
337,SAT_149,Singapore,66.13,1667.6,243.9,YES
338,SAT_149,Singapore,75.61,1775.7,142.1,YES
339,SAT_149,Singapore,45.29,1429.8,528.1,YES
340,SAT_020,"Dubai, UAE",36.83,1333.2,694.9,YES
341,SAT_021,"Dubai, UAE",64.32,1647.0,265.1,YES
342,SAT_021,"Dubai, UAE",72.89,1744.8,170.7,YES
343,SAT_121,"Mingenew, Australia",77.85,1801.3,120.9,YES
344,SAT_121,"Mingenew, Australia",63.66,1639.4,275.8,YES
345,SAT_048,"Mwulire, Rwanda",50.2,1485.8,448.2,YES
346,SAT_048,"Mwulire, Rwanda",88.96,1928.1,10.0,YES
347,SAT_173,"Seoul, South Korea",87.09,1906.8,28.3,YES
348,SAT_064,"Pretoria, South Africa",69.03,1700.7,213.1,YES
349,SAT_155,"Harmon, Guam",67.05,1678.1,232.1,YES
350,SAT_067,"Cape Town, South Africa",81.75,1845.9,81.4,YES
351,SAT_172,"Obihiro, Japan",79.95,1825.4,98.7,YES
352,SAT_012,"Stockholm, Sweden",85.5,1888.6,44.3,YES
353,SAT_016,"Dublin, Ireland",86.92,1904.8,30.2,YES
354,SAT_018,"Guildford Pole, UK",76.71,1788.3,132.0,YES
355,SAT_015,"Dundee, Scotland",80.05,1826.5,98.4,YES
356,SAT_121,"Awarua, New Zeland",84.26,1874.5,57.1,YES
357,SAT_121,"Awarua, New Zeland",51.33,1498.7,442.8,YES
358,SAT_188,"Utqiagvik, USA",67.71,1685.6,230.4,YES
359,SAT_188,"Deadhorse, USA",74.55,1763.7,156.0,YES
360,SAT_186,"North Pole, USA",72.59,1741.3,176.6,YES
361,SAT_186,"North Pole, USA",67.65,1685.0,230.8,YES
362,SAT_084,"Ushuaia, Argentina",42.68,1400.0,594.6,YES
363,SAT_084,"Ushuaia, Argentina",73.09,1747.0,174.1,YES
364,SAT_084,"Punta Arenas, Chile",83.57,1866.6,64.7,YES
365,SAT_161,"Paumalu, USA",84.23,1874.1,56.2,YES
366,SAT_186,"Portland, USA",55.47,1545.9,381.0,YES
367,SAT_186,"Portland, USA",83.11,1861.4,68.2,YES
368,SAT_010,"Columbus, USA",84.22,1874.1,57.0,YES
369,SAT_012,"Pendergrass, USA",68.42,1693.8,221.4,YES
370,SAT_186,"Mojave, USA",86.08,1895.2,38.7,YES
371,SAT_186,"Mojave, USA",52.13,1507.9,428.1,YES
372,SAT_186,"Mojave, USA",31.57,1273.2,832.9,YES
373,SAT_185,"Mojave, USA",19.9,1140.1,1236.8,YES
374,SAT_185,"Mojave, USA",12.33,1053.6,1641.2,YES
375,SAT_184,"Mojave, USA",6.8,990.6,2045.1,YES
385,SAT_090,"Mojave, USA",8.03,1004.6,1959.7,YES
386,SAT_090,"Mojave, USA",14.23,1075.3,1539.7,YES
387,SAT_090,"Mojave, USA",23.06,1176.1,1120.0,YES
388,SAT_090,"Mojave, USA",37.42,1340.0,700.5,YES
389,SAT_090,"Mojave, USA",63.65,1639.3,281.4,YES
390,SAT_090,"Mojave, USA",76.53,1786.2,137.5,YES
391,SAT_114,"Pendergrass, USA",72.08,1735.5,184.7,YES
392,SAT_032,"Tahiti, French Polynesia",84.56,1877.9,54.6,YES
393,SAT_112,"Columbus, USA",79.49,1820.0,106.7,YES
394,SAT_062,"Kapolei, USA",77.32,1795.2,128.1,YES
395,SAT_169,"Cordoba, Argentina",81.6,1844.1,85.5,YES
396,SAT_183,"Punta Arenas, Chile",55.8,1549.7,391.9,YES
397,SAT_182,"Punta Arenas, Chile",83.07,1860.9,71.5,YES
398,SAT_182,"Ushuaia, Argentina",78.49,1808.7,119.8,YES
399,SAT_088,"North Pole, USA",83.25,1863.0,68.8,YES
400,SAT_090,"Deadhorse, USA",88.32,1920.8,17.1,YES
401,SAT_089,"Utqiagvik, USA",78.45,1808.2,118.9,YES
402,SAT_020,"Awarua, New Zeland",66.89,1676.3,247.9,YES
403,SAT_021,"Awarua, New Zeland",69.68,1708.1,215.2,YES
404,SAT_021,"Awarua, New Zeland",41.44,1385.8,628.4,YES
405,SAT_029,"Dubbo, Australia",39.03,1358.3,671.3,YES
406,SAT_029,"Dubbo, Australia",67.11,1678.8,242.3,YES
407,SAT_071,"Obihiro, Japan",78.74,1811.5,114.2,YES
408,SAT_054,"Harmon, Guam",82.52,1854.6,74.6,YES
409,SAT_105,"Sodankylä, Finland",88.63,1924.3,13.9,YES
410,SAT_110,"Stockholm, Sweden",83.4,1864.7,66.8,YES
411,SAT_069,"Seoul, South Korea",74.69,1765.3,156.0,YES
412,SAT_143,"Accra, Ghana",69.82,1709.7,207.2,YES
413,SAT_027,"Mingenew, Australia",57.98,1574.6,354.0,YES
414,SAT_170,"Cape Town, South Africa",84.35,1875.5,57.1,YES
415,SAT_170,"Cape Town, South Africa",59.19,1588.4,338.2,YES
416,SAT_168,"Pretoria, South Africa",47.66,1456.8,505.1,YES
417,SAT_168,"Pretoria, South Africa",78.6,1809.9,115.3,YES
418,SAT_048,Singapore,75.41,1773.5,146.4,YES
419,SAT_048,Singapore,61.69,1616.9,300.0,YES
420,SAT_149,"Mwulire, Rwanda",74.71,1765.6,153.6,YES
421,SAT_110,"Zallaq, Bahrain",85.69,1890.8,42.8,YES
422,SAT_106,"Dubai, UAE",75.5,1774.5,146.2,YES
423,SAT_106,"Dubai, UAE",44.57,1421.5,551.2,YES
424,SAT_106,"Dubai, UAE",27.34,1224.9,958.0,YES
425,SAT_107,"Dubai, UAE",17.2,1109.3,1363.9,YES
426,SAT_109,"Dubai, UAE",10.41,1031.8,1766.5,YES
427,SAT_115,"Dubai, UAE",5.46,975.2,2154.1,YES
431,SAT_200,"Dubai, UAE",9.3,1019.0,1842.0,YES
432,SAT_200,"Dubai, UAE",15.93,1094.7,1423.5,YES
433,SAT_200,"Dubai, UAE",25.68,1206.0,1005.7,YES
434,SAT_200,"Dubai, UAE",42.17,1394.1,589.7,YES
435,SAT_200,"Dubai, UAE",71.35,1727.2,188.2,YES
436,SAT_006,"Zallaq, Bahrain",87.41,1910.4,25.3,YES
437,SAT_049,"Mwulire, Rwanda",83.13,1861.6,66.8,YES
438,SAT_049,"Mwulire, Rwanda",46.44,1442.9,508.5,YES
439,SAT_071,"Pretoria, South Africa",72.49,1740.1,176.5,YES
440,SAT_071,"Pretoria, South Africa",64.7,1651.2,263.2,YES
441,SAT_148,Singapore,67.8,1686.6,224.2,YES
442,SAT_073,"Cape Town, South Africa",79.24,1817.3,106.9,YES
443,SAT_073,"Cape Town, South Africa",59.54,1592.4,327.1,YES
444,SAT_043,"Accra, Ghana",63.88,1641.9,268.1,YES
445,SAT_043,"Accra, Ghana",71.96,1734.1,179.0,YES
446,SAT_128,"Mingenew, Australia",84.81,1880.8,50.9,YES
447,SAT_013,"Dublin, Ireland",73.0,1745.9,170.9,YES
448,SAT_003,"Sodankylä, Finland",71.58,1729.8,187.2,YES
449,SAT_168,"Seoul, South Korea",80.51,1831.7,92.8,YES
450,SAT_133,"Alice Springs, Australia",74.02,1757.7,159.3,YES
451,SAT_133,"Alice Springs, Australia",66.9,1676.4,236.4,YES
452,SAT_170,"Chitose, Japan",71.22,1725.7,188.7,YES
453,SAT_170,"Obihiro, Japan",81.75,1845.8,80.8,YES
454,SAT_129,"Dubbo, Australia",83.24,1862.9,66.5,YES
455,SAT_129,"Dubbo, Australia",58.17,1576.8,343.4,YES
456,SAT_191,"Utqiagvik, USA",49.29,1475.4,473.0,YES
457,SAT_191,"Utqiagvik, USA",83.03,1860.4,69.2,YES
458,SAT_192,"Deadhorse, USA",78.89,1813.2,111.1,YES
459,SAT_191,"North Pole, USA",81.82,1846.7,81.3,YES
460,SAT_066,"Cordoba, Argentina",66.6,1673.0,242.1,YES
461,SAT_019,"Columbus, USA",52.39,1510.8,421.8,YES
462,SAT_019,"Columbus, USA",88.18,1919.2,17.8,YES
463,SAT_022,"Pendergrass, USA",83.46,1865.4,64.2,YES
464,SAT_001,"Portland, USA",63.46,1637.2,260.0,YES
465,SAT_200,"Portland, USA",78.76,1811.8,112.2,YES
466,SAT_200,"Portland, USA",46.31,1441.4,520.4,YES
467,SAT_005,"Mojave, USA",77.68,1799.4,123.1,YES
468,SAT_168,"Kapolei, USA",79.61,1821.4,102.7,YES
469,SAT_167,"Kapolei, USA",48.59,1467.4,479.3,YES
470,SAT_124,"Tahiti, French Polynesia",80.07,1826.7,98.9,YES
471,SAT_124,"Tahiti, French Polynesia",61.78,1617.9,299.9,YES
472,SAT_124,"Tahiti, French Polynesia",37.42,1340.0,691.6,YES
473,SAT_125,"Tahiti, French Polynesia",23.74,1183.9,1082.4,YES
474,SAT_126,"Tahiti, French Polynesia",15.19,1086.3,1471.9,YES
475,SAT_127,"Tahiti, French Polynesia",9.19,1017.8,1858.4,YES
479,SAT_002,"Tahiti, French Polynesia",8.16,1006.0,2029.3,YES
480,SAT_016,"Tahiti, French Polynesia",13.09,1062.4,1604.6,YES
481,SAT_018,"Tahiti, French Polynesia",21.51,1158.4,1179.2,YES
482,SAT_018,"Tahiti, French Polynesia",35.13,1313.8,751.8,YES
483,SAT_019,"Tahiti, French Polynesia",60.36,1601.8,321.4,YES
484,SAT_019,"Tahiti, French Polynesia",78.52,1809.0,116.3,YES
485,SAT_071,"Kapolei, USA",52.02,1506.6,433.7,YES
486,SAT_071,"Kapolei, USA",89.84,1938.2,1.6,YES
487,SAT_108,"Mojave, USA",75.45,1774.0,148.6,YES
488,SAT_108,"Mojave, USA",65.92,1665.2,254.9,YES
489,SAT_103,"Portland, USA",63.91,1642.3,279.6,YES
490,SAT_103,"Portland, USA",77.08,1792.5,132.3,YES
491,SAT_103,"Portland, USA",46.11,1439.1,535.7,YES
492,SAT_124,"Pendergrass, USA",47.4,1453.8,508.7,YES
493,SAT_124,"Pendergrass, USA",77.96,1802.6,122.0,YES
494,SAT_121,"Columbus, USA",83.15,1861.8,69.0,YES
495,SAT_094,"North Pole, USA",76.62,1787.3,138.1,YES
496,SAT_094,"Deadhorse, USA",82.67,1856.4,74.9,YES
497,SAT_093,"Utqiagvik, USA",76.47,1785.5,140.0,YES
498,SAT_028,"Dubbo, Australia",78.02,1803.3,122.7,YES
499,SAT_054,"Harmon, Guam",80.64,1833.2,93.8,YES
500,SAT_071,"Chitose, Japan",80.14,1827.5,99.8,YES
501,SAT_033,"Alice Springs, Australia",67.93,1688.1,231.8,YES
502,SAT_034,"Alice Springs, Australia",66.89,1676.3,243.5,YES
503,SAT_067,"Seoul, South Korea",78.96,1814.0,111.6,YES
504,SAT_067,"Seoul, South Korea",47.48,1454.8,507.1,YES
505,SAT_030,"Mingenew, Australia",65.55,1660.9,260.0,YES
506,SAT_030,"Mingenew, Australia",72.93,1745.2,176.2,YES
507,SAT_100,"Sodankylä, Finland",75.97,1779.9,144.7,YES
508,SAT_111,"Dundee, Scotland",80.19,1828.1,99.6,YES
509,SAT_104,"Stockholm, Sweden",87.42,1910.6,26.0,YES
510,SAT_109,"Dublin, Ireland",76.72,1788.5,135.6,YES
511,SAT_109,"Dublin, Ireland",45.96,1437.5,534.9,YES
512,SAT_109,"Dublin, Ireland",28.45,1237.6,936.0,YES
513,SAT_181,"Cape Town, South Africa",29.06,1244.5,926.3,YES
514,SAT_181,"Cape Town, South Africa",46.53,1444.0,528.3,YES
515,SAT_181,"Cape Town, South Africa",77.14,1793.2,131.4,YES
516,SAT_142,"Accra, Ghana",66.61,1673.1,241.9,YES
517,SAT_079,"Dubai, UAE",57.63,1570.6,353.7,YES
518,SAT_083,"Zallaq, Bahrain",83.31,1863.7,66.5,YES
519,SAT_185,"Pretoria, South Africa",63.97,1642.9,276.4,YES
520,SAT_184,"Pretoria, South Africa",38.28,1349.8,677.9,YES
521,SAT_184,"Pretoria, South Africa",23.91,1185.8,1081.0,YES
522,SAT_156,"Mwulire, Rwanda",30.07,1256.1,870.2,YES
523,SAT_156,"Mwulire, Rwanda",48.27,1463.8,484.2,YES
524,SAT_155,"Mwulire, Rwanda",80.02,1826.1,98.5,YES
525,SAT_153,"Mwulire, Rwanda",62.63,1627.7,286.2,YES
526,SAT_082,"Mwulire, Rwanda",40.54,1375.5,623.2,YES
527,SAT_066,"Mwulire, Rwanda",63.25,1634.8,279.1,YES
528,SAT_057,"Mwulire, Rwanda",76.01,1780.3,138.7,YES
529,SAT_056,"Mwulire, Rwanda",42.82,1401.6,574.5,YES
530,SAT_055,"Mwulire, Rwanda",25.28,1201.4,1013.5,YES
531,SAT_089,"Pretoria, South Africa",32.81,1287.3,799.8,YES
532,SAT_089,"Pretoria, South Africa",55.69,1548.4,378.1,YES
533,SAT_089,"Pretoria, South Africa",85.43,1887.8,45.2,YES
534,SAT_181,"Zallaq, Bahrain",85.46,1888.2,44.3,YES
535,SAT_176,"Dubai, UAE",70.71,1719.9,194.2,YES
536,SAT_085,"Cape Town, South Africa",75.48,1774.3,146.4,YES
537,SAT_085,"Cape Town, South Africa",43.91,1414.1,564.6,YES
538,SAT_085,"Cape Town, South Africa",26.6,1216.5,987.0,YES
539,SAT_006,"Dublin, Ireland",29.17,1245.8,895.8,YES
540,SAT_006,"Dublin, Ireland",48.96,1471.7,474.0,YES
541,SAT_006,"Dublin, Ireland",84.46,1876.8,54.5,YES
542,SAT_001,"Stockholm, Sweden",83.44,1865.1,55.7,YES
543,SAT_008,"Dundee, Scotland",78.79,1812.1,111.3,YES
544,SAT_198,"Sodankylä, Finland",84.03,1871.8,59.1,YES
545,SAT_147,Singapore,68.99,1700.2,210.9,YES
546,SAT_147,Singapore,69.41,1705.0,206.3,YES
547,SAT_147,Singapore,42.12,1393.6,582.4,YES
548,SAT_130,"Mingenew, Australia",55.92,1551.1,372.1,YES
549,SAT_131,"Mingenew, Australia",79.64,1821.7,102.3,YES
550,SAT_131,"Mingenew, Australia",52.15,1508.1,424.7,YES
551,SAT_077,"Ushuaia, Argentina",80.77,1834.7,92.8,YES
552,SAT_076,"Punta Arenas, Chile",80.82,1835.3,92.2,YES
553,SAT_133,"Alice Springs, Australia",62.07,1621.2,293.2,YES
554,SAT_133,"Alice Springs, Australia",79.72,1822.7,101.3,YES
555,SAT_195,"Utqiagvik, USA",81.11,1838.6,88.6,YES
556,SAT_197,"Deadhorse, USA",62.52,1626.4,291.5,YES
557,SAT_155,"Harmon, Guam",86.11,1895.7,37.7,YES
558,SAT_114,"Awarua, New Zeland",65.08,1655.6,263.5,YES
559,SAT_114,"Awarua, New Zeland",75.91,1779.2,143.1,YES
560,SAT_011,"Portland, USA",82.7,1856.7,72.1,YES
561,SAT_018,"Mojave, USA",66.17,1668.0,246.1,YES
562,SAT_019,"Mojave, USA",70.15,1713.5,201.6,YES
563,SAT_019,"Mojave, USA",40.64,1376.8,620.1,YES
564,SAT_019,"Mojave, USA",24.48,1192.3,1049.4,YES
565,SAT_190,"Paumalu, USA",17.68,1114.7,1341.3,YES
566,SAT_190,"Paumalu, USA",28.12,1233.9,933.0,YES
567,SAT_191,"Paumalu, USA",46.08,1438.8,524.2,YES
568,SAT_191,"Paumalu, USA",78.56,1809.5,114.2,YES
569,SAT_088,"Tahiti, French Polynesia",74.74,1765.9,154.8,YES
570,SAT_088,"Tahiti, French Polynesia",64.59,1650.1,267.8,YES
571,SAT_087,"Tahiti, French Polynesia",37.79,1344.2,687.2,YES
572,SAT_085,"Tahiti, French Polynesia",23.24,1178.2,1106.3,YES
573,SAT_081,"Tahiti, French Polynesia",14.42,1077.5,1520.8,YES
574,SAT_068,"Tahiti, French Polynesia",8.63,1011.5,1901.6,YES
575,SAT_001,"Tahiti, French Polynesia",13.48,1066.8,1643.2,YES
576,SAT_001,"Tahiti, French Polynesia",19.26,1132.7,1341.6,YES
577,SAT_187,"Tahiti, French Polynesia",28.43,1237.4,933.5,YES
578,SAT_186,"Tahiti, French Polynesia",46.04,1438.3,531.7,YES
579,SAT_185,"Tahiti, French Polynesia",77.13,1793.1,130.9,YES
580,SAT_095,"Kapolei, USA",88.68,1924.9,13.2,YES
581,SAT_096,"Paumalu, USA",55.31,1544.1,388.5,YES
582,SAT_096,"Paumalu, USA",33.23,1292.2,800.8,YES
583,SAT_096,"Paumalu, USA",20.82,1150.6,1214.3,YES
584,SAT_097,"Paumalu, USA",12.9,1060.2,1627.3,YES
585,SAT_120,"Mojave, USA",18.72,1126.6,1304.6,YES
586,SAT_120,"Mojave, USA",29.18,1245.9,912.1,YES
587,SAT_120,"Mojave, USA",46.68,1445.6,521.1,YES
588,SAT_120,"Mojave, USA",75.88,1778.9,144.0,YES
589,SAT_012,"Awarua, New Zeland",82.36,1852.8,78.6,YES
590,SAT_025,"Dubbo, Australia",83.11,1861.4,70.0,YES
591,SAT_100,"North Pole, USA",57.75,1572.0,360.5,YES
592,SAT_100,"North Pole, USA",84.53,1877.6,55.7,YES
593,SAT_032,"Alice Springs, Australia",79.8,1823.6,103.6,YES
594,SAT_097,"Utqiagvik, USA",68.9,1699.2,223.6,YES
595,SAT_068,"Seoul, South Korea",84.94,1882.3,50.8,YES
596,SAT_127,"Pendergrass, USA",82.14,1850.3,79.0,YES
597,SAT_030,"Mingenew, Australia",78.34,1807.0,119.0,YES
598,SAT_176,"Punta Arenas, Chile",62.42,1625.2,303.3,YES
599,SAT_176,"Punta Arenas, Chile",81.23,1840.0,90.5,YES
600,SAT_047,Singapore,81.92,1847.8,80.7,YES
601,SAT_164,"Cordoba, Argentina",71.26,1726.2,195.0,YES
602,SAT_164,"Cordoba, Argentina",43.58,1410.3,579.8,YES
603,SAT_094,"Sodankylä, Finland",39.39,1362.5,666.9,YES
604,SAT_094,"Sodankylä, Finland",65.7,1662.7,259.9,YES
605,SAT_095,"Öjebyn, Sweden",78.28,1806.2,120.1,YES
606,SAT_095,"Öjebyn, Sweden",60.37,1601.9,324.7,YES
607,SAT_096,"Stockholm, Sweden",84.73,1879.9,53.3,YES
608,SAT_100,"Dublin, Ireland",74.82,1766.8,156.0,YES
609,SAT_104,"Guildford Pole, UK",72.8,1743.8,177.2,YES
610,SAT_066,"Dubai, UAE",64.56,1649.7,267.3,YES
611,SAT_066,"Dubai, UAE",72.4,1739.1,179.1,YES
612,SAT_069,"Zallaq, Bahrain",65.8,1663.8,252.6,YES
613,SAT_200,"Cape Town, South Africa",61.69,1616.9,307.6,YES
614,SAT_200,"Cape Town, South Africa",79.25,1817.3,109.3,YES
615,SAT_011,"Pretoria, South Africa",83.47,1865.5,65.5,YES
616,SAT_011,"Pretoria, South Africa",57.11,1564.7,362.9,YES
617,SAT_043,"Mwulire, Rwanda",39.65,1365.4,640.6,YES
618,SAT_043,"Mwulire, Rwanda",70.3,1715.1,200.0,YES
619,SAT_134,"Accra, Ghana",86.72,1902.6,32.1,YES
620,SAT_134,"Accra, Ghana",57.08,1564.3,356.5,YES
621,SAT_135,"Accra, Ghana",34.86,1310.8,743.2,YES
622,SAT_137,"Accra, Ghana",22.26,1166.9,1128.6,YES
623,SAT_008,"Accra, Ghana",14.7,1080.6,1494.6,YES
624,SAT_026,"Accra, Ghana",22.99,1175.3,1100.8,YES
625,SAT_030,"Accra, Ghana",38.2,1348.9,666.4,YES
626,SAT_031,"Accra, Ghana",67.56,1683.9,228.6,YES
627,SAT_032,"Accra, Ghana",69.11,1701.6,211.2,YES
628,SAT_143,"Mwulire, Rwanda",77.09,1792.7,127.2,YES
629,SAT_143,"Mwulire, Rwanda",64.6,1650.2,261.4,YES
630,SAT_114,"Pretoria, South Africa",49.05,1472.7,474.0,YES
631,SAT_114,"Pretoria, South Africa",82.28,1851.9,76.3,YES
632,SAT_103,"Cape Town, South Africa",80.82,1835.3,91.5,YES
633,SAT_104,"Cape Town, South Africa",59.32,1589.9,331.9,YES
634,SAT_167,"Zallaq, Bahrain",36.06,1324.4,709.9,YES
635,SAT_167,"Zallaq, Bahrain",59.84,1595.8,318.1,YES
636,SAT_167,"Zallaq, Bahrain",82.16,1850.5,76.4,YES
637,SAT_001,"Guildford Pole, UK",84.48,1877.0,46.9,YES
638,SAT_001,"Dundee, Scotland",73.1,1747.1,146.8,YES
639,SAT_193,"Stockholm, Sweden",82.65,1856.1,72.7,YES
640,SAT_193,"Öjebyn, Sweden",64.83,1652.7,262.7,YES
641,SAT_192,"Sodankylä, Finland",75.11,1770.1,149.6,YES
642,SAT_192,"Sodankylä, Finland",63.6,1638.8,277.5,YES
643,SAT_065,"Cordoba, Argentina",86.68,1902.2,32.5,YES
644,SAT_077,"Ushuaia, Argentina",63.19,1634.1,285.2,YES
645,SAT_076,"Punta Arenas, Chile",79.3,1817.9,107.6,YES
646,SAT_076,"Punta Arenas, Chile",55.94,1551.4,378.3,YES
647,SAT_028,"Pendergrass, USA",80.88,1836.0,89.1,YES
648,SAT_028,"Pendergrass, USA",55.75,1549.1,371.3,YES
649,SAT_147,Singapore,71.19,1725.3,187.5,YES
650,SAT_147,Singapore,67.52,1683.5,227.4,YES
651,SAT_002,"Deadhorse, USA",61.64,1616.4,266.7,YES
652,SAT_200,"Utqiagvik, USA",85.44,1888.0,45.2,YES
653,SAT_004,"North Pole, USA",81.05,1837.9,89.1,YES
654,SAT_170,"Seoul, South Korea",88.47,1922.6,14.9,YES
655,SAT_025,"Mojave, USA",57.77,1572.2,346.4,YES
656,SAT_176,"Chitose, Japan",82.22,1851.3,76.7,YES
657,SAT_130,"Alice Springs, Australia",87.14,1907.3,28.1,YES
658,SAT_104,"Awarua, New Zeland",73.85,1755.7,165.7,YES
659,SAT_120,"Dubbo, Australia",86.5,1900.0,34.8,YES
660,SAT_158,"Harmon, Guam",64.5,1649.0,263.5,YES
661,SAT_158,"Harmon, Guam",76.28,1783.4,136.0,YES
662,SAT_065,"Tahiti, French Polynesia",64.24,1646.0,269.5,YES
663,SAT_065,"Tahiti, French Polynesia",72.89,1744.8,172.9,YES
664,SAT_020,"Kapolei, USA",73.41,1750.7,166.9,YES
665,SAT_020,"Kapolei, USA",41.89,1391.0,597.3,YES
666,SAT_020,"Kapolei, USA",25.11,1199.4,1029.7,YES
667,SAT_021,"Kapolei, USA",15.32,1087.8,1461.4,YES
668,SAT_021,"Kapolei, USA",8.69,1012.1,1893.4,YES
675,SAT_121,"Kapolei, USA",8.16,1006.1,1942.3,YES
676,SAT_121,"Kapolei, USA",13.95,1072.2,1549.2,YES
677,SAT_121,"Kapolei, USA",21.97,1163.7,1157.1,YES
678,SAT_122,"Kapolei, USA",34.5,1306.6,763.9,YES
679,SAT_122,"Kapolei, USA",56.44,1557.0,371.2,YES
680,SAT_122,"Paumalu, USA",89.31,1932.2,6.8,YES
681,SAT_060,"Harmon, Guam",87.33,1909.6,26.5,YES
682,SAT_163,"Tahiti, French Polynesia",64.68,1651.0,268.8,YES
683,SAT_017,"Dubbo, Australia",76.83,1789.7,135.5,YES
684,SAT_001,"Awarua, New Zeland",84.42,1876.3,64.3,YES
685,SAT_079,"Obihiro, Japan",72.28,1737.8,183.1,YES
686,SAT_079,"Chitose, Japan",76.48,1785.7,138.3,YES
687,SAT_072,"Seoul, South Korea",78.65,1810.4,115.1,YES
688,SAT_072,"Seoul, South Korea",60.5,1603.3,320.8,YES
689,SAT_029,"Mingenew, Australia",78.72,1811.3,115.0,YES
690,SAT_105,"North Pole, USA",75.54,1775.0,149.6,YES
691,SAT_102,"Utqiagvik, USA",79.33,1818.2,109.6,YES
692,SAT_103,"Deadhorse, USA",66.35,1670.1,253.1,YES
693,SAT_103,"Deadhorse, USA",40.26,1372.3,650.6,YES
694,SAT_103,"Deadhorse, USA",25.35,1202.2,1052.7,YES
695,SAT_124,"Columbus, USA",17.15,1108.7,1385.7,YES
696,SAT_124,"Columbus, USA",26.59,1216.4,996.0,YES
697,SAT_124,"Columbus, USA",42.01,1392.3,606.3,YES
698,SAT_124,"Columbus, USA",69.19,1702.5,216.7,YES
699,SAT_127,"Pendergrass, USA",74.89,1767.6,153.9,YES
700,SAT_178,"Punta Arenas, Chile",82.59,1855.4,76.3,YES
701,SAT_089,"Sodankylä, Finland",78.62,1810.2,116.5,YES
702,SAT_062,"Dubai, UAE",76.85,1790.0,132.6,YES
703,SAT_089,"Stockholm, Sweden",80.46,1831.1,97.1,YES
704,SAT_167,"Cordoba, Argentina",64.84,1652.9,268.0,YES
705,SAT_090,"Dublin, Ireland",84.04,1872.0,60.1,YES
706,SAT_093,"Guildford Pole, UK",86.39,1898.8,36.3,YES
707,SAT_093,"Guildford Pole, UK",55.98,1551.7,380.4,YES
708,SAT_025,"Pretoria, South Africa",81.39,1841.8,86.6,YES
709,SAT_045,"Mwulire, Rwanda",77.56,1798.0,124.4,YES
710,SAT_045,"Mwulire, Rwanda",60.39,1602.1,316.3,YES
711,SAT_045,"Mwulire, Rwanda",34.5,1306.7,756.6,YES
712,SAT_045,"Mwulire, Rwanda",20.75,1149.8,1197.1,YES
713,SAT_063,"Accra, Ghana",12.81,1059.1,1607.0,YES
714,SAT_063,"Accra, Ghana",21.38,1157.0,1169.5,YES
715,SAT_063,"Accra, Ghana",35.43,1317.3,732.2,YES
716,SAT_062,"Accra, Ghana",62.05,1621.1,294.3,YES
717,SAT_062,"Accra, Ghana",75.55,1775.1,144.1,YES
718,SAT_062,"Accra, Ghana",42.54,1398.4,582.4,YES
719,SAT_061,"Accra, Ghana",25.2,1200.5,1020.5,YES
720,SAT_020,"Accra, Ghana",15.39,1088.6,1452.7,YES
721,SAT_161,"Accra, Ghana",23.59,1182.2,1076.5,YES
722,SAT_160,"Accra, Ghana",37.18,1337.3,687.9,YES
723,SAT_160,"Accra, Ghana",61.46,1614.3,299.3,YES
724,SAT_160,"Accra, Ghana",80.83,1835.3,89.8,YES
725,SAT_160,"Accra, Ghana",48.41,1465.3,478.2,YES
726,SAT_160,"Accra, Ghana",29.89,1254.0,867.0,YES
727,SAT_160,"Accra, Ghana",19.09,1130.8,1255.8,YES
728,SAT_145,"Mwulire, Rwanda",11.94,1049.2,1643.9,YES
729,SAT_145,"Mwulire, Rwanda",19.01,1129.9,1257.9,YES
730,SAT_145,"Mwulire, Rwanda",29.64,1251.2,871.9,YES
731,SAT_145,"Mwulire, Rwanda",47.8,1458.4,485.9,YES
732,SAT_145,"Mwulire, Rwanda",79.67,1822.2,100.7,YES
733,SAT_127,"Pretoria, South Africa",84.59,1878.2,53.1,YES
734,SAT_190,"Guildford Pole, UK",81.77,1846.0,81.3,YES
735,SAT_068,"Cordoba, Argentina",83.96,1871.1,59.4,YES
736,SAT_192,"Dundee, Scotland",66.93,1676.7,238.2,YES
737,SAT_186,"Stockholm, Sweden",68.75,1697.5,217.4,YES
738,SAT_081,"Ushuaia, Argentina",73.29,1749.4,170.8,YES
739,SAT_188,"Öjebyn, Sweden",84.52,1877.5,54.1,YES
740,SAT_161,"Dubai, UAE",87.04,1906.2,28.6,YES
741,SAT_161,"Dubai, UAE",52.31,1509.8,417.5,YES
742,SAT_161,"Dubai, UAE",32.01,1278.2,806.4,YES
743,SAT_161,"Dubai, UAE",20.41,1145.8,1195.2,YES
744,SAT_027,"Mojave, USA",25.77,1207.0,995.3,YES
745,SAT_027,"Mojave, USA",43.6,1410.5,559.2,YES
746,SAT_027,"Mojave, USA",77.5,1797.4,123.1,YES
747,SAT_021,"Portland, USA",81.61,1844.2,82.5,YES
748,SAT_004,"Utqiagvik, USA",85.38,1887.2,45.8,YES
749,SAT_008,"North Pole, USA",64.28,1646.5,269.6,YES
750,SAT_008,"North Pole, USA",37.41,1339.9,691.4,YES
751,SAT_148,Singapore,27.89,1231.3,924.6,YES
752,SAT_148,Singapore,44.56,1421.5,541.0,YES
753,SAT_148,Singapore,73.06,1746.7,168.6,YES
754,SAT_059,"Tahiti, French Polynesia",85.49,1888.6,44.2,YES
755,SAT_125,"Mingenew, Australia",79.69,1822.4,102.6,YES
756,SAT_092,"Awarua, New Zeland",80.85,1835.6,92.5,YES
757,SAT_188,"Obihiro, Japan",67.39,1682.0,233.6,YES
758,SAT_121,"Alice Springs, Australia",42.53,1398.2,589.2,YES
759,SAT_121,"Alice Springs, Australia",70.36,1715.8,201.2,YES
760,SAT_105,"Dubbo, Australia",70.89,1721.9,196.9,YES
761,SAT_120,"Alice Springs, Australia",42.35,1396.3,592.4,YES
762,SAT_173,"Harmon, Guam",41.04,1381.3,613.6,YES
763,SAT_174,"Harmon, Guam",68.46,1694.1,221.0,YES
764,SAT_174,"Harmon, Guam",72.6,1741.4,176.1,YES
765,SAT_175,"Harmon, Guam",43.37,1407.9,571.5,YES
766,SAT_175,"Harmon, Guam",27.08,1222.0,966.4,YES
767,SAT_177,"Harmon, Guam",17.33,1110.7,1361.3,YES
768,SAT_182,"Harmon, Guam",10.72,1035.3,1754.3,YES
769,SAT_069,"Harmon, Guam",11.59,1045.2,1692.5,YES
770,SAT_074,"Harmon, Guam",19.33,1133.5,1268.0,YES
771,SAT_075,"Harmon, Guam",31.5,1272.5,839.3,YES
772,SAT_076,"Harmon, Guam",53.57,1524.3,410.3,YES
773,SAT_077,"Harmon, Guam",87.43,1910.7,25.5,YES
774,SAT_077,"Harmon, Guam",51.1,1496.1,447.5,YES
775,SAT_018,"Alice Springs, Australia",36.99,1335.1,711.0,YES
776,SAT_018,"Alice Springs, Australia",63.66,1639.4,281.9,YES
777,SAT_001,"Dubbo, Australia",88.29,1920.5,19.1,YES
778,SAT_200,"Dubbo, Australia",59.6,1593.1,336.5,YES
779,SAT_091,"Obihiro, Japan",48.06,1461.4,500.2,YES
780,SAT_091,"Obihiro, Japan",81.81,1846.6,82.9,YES
781,SAT_023,"Mingenew, Australia",81.23,1839.9,89.2,YES
782,SAT_188,"Awarua, New Zeland",71.68,1730.9,193.5,YES
783,SAT_132,"Kapolei, USA",77.94,1802.4,121.6,YES
784,SAT_158,"Tahiti, French Polynesia",65.34,1658.6,261.0,YES
785,SAT_158,"Tahiti, French Polynesia",77.49,1797.2,127.1,YES
786,SAT_158,"Tahiti, French Polynesia",47.36,1453.4,510.6,YES
787,SAT_158,"Tahiti, French Polynesia",29.83,1253.3,895.3,YES
788,SAT_109,"North Pole, USA",39.06,1358.6,673.4,YES
789,SAT_109,"North Pole, USA",64.32,1647.0,276.6,YES
790,SAT_105,"Utqiagvik, USA",81.28,1840.5,89.3,YES
791,SAT_106,"Deadhorse, USA",62.25,1623.3,302.8,YES
792,SAT_121,"Portland, USA",76.08,1781.2,142.3,YES
793,SAT_127,"Mojave, USA",79.61,1821.4,104.9,YES
794,SAT_060,"Dubai, UAE",74.69,1765.3,155.6,YES
795,SAT_061,"Zallaq, Bahrain",81.32,1840.9,87.0,YES
796,SAT_086,"Sodankylä, Finland",85.71,1891.0,43.6,YES
797,SAT_085,"Öjebyn, Sweden",78.15,1804.8,121.4,YES
798,SAT_083,"Stockholm, Sweden",88.15,1918.9,18.7,YES
799,SAT_083,"Stockholm, Sweden",54.14,1530.8,408.3,YES
800,SAT_030,"Pretoria, South Africa",83.34,1863.9,67.1,YES
801,SAT_124,"Pendergrass, USA",82.23,1851.4,77.8,YES
802,SAT_084,"Guildford Pole, UK",70.02,1712.0,207.9,YES
803,SAT_084,"Guildford Pole, UK",40.84,1379.0,629.2,YES
804,SAT_174,"Cordoba, Argentina",42.67,1399.9,596.5,YES
805,SAT_174,"Cordoba, Argentina",69.91,1710.8,209.3,YES
806,SAT_175,"Cordoba, Argentina",70.81,1721.0,199.1,YES
807,SAT_052,"Accra, Ghana",59.39,1590.7,328.6,YES
808,SAT_052,"Accra, Ghana",77.91,1802.0,120.4,YES
809,SAT_052,"Accra, Ghana",44.15,1416.8,555.4,YES
810,SAT_052,"Accra, Ghana",26.06,1210.3,995.1,YES
811,SAT_052,"Accra, Ghana",15.72,1092.4,1435.2,YES
812,SAT_052,"Accra, Ghana",8.83,1013.7,1875.6,YES
822,SAT_151,"Accra, Ghana",5.75,978.5,2112.3,YES
823,SAT_152,"Accra, Ghana",10.72,1035.2,1726.4,YES
824,SAT_152,"Accra, Ghana",17.3,1110.4,1340.2,YES
825,SAT_152,"Accra, Ghana",26.94,1220.4,954.1,YES
826,SAT_152,"Accra, Ghana",42.96,1403.1,568.5,YES
827,SAT_152,"Accra, Ghana",71.3,1726.6,186.5,YES
828,SAT_077,"Cordoba, Argentina",76.88,1790.3,131.3,YES
829,SAT_077,"Cordoba, Argentina",43.99,1415.0,560.7,YES
830,SAT_022,"Pendergrass, USA",41.94,1391.5,589.9,YES
831,SAT_022,"Pendergrass, USA",74.25,1760.2,156.5,YES
832,SAT_019,"Columbus, USA",81.35,1841.3,84.8,YES
833,SAT_085,"Punta Arenas, Chile",86.57,1900.9,34.2,YES
834,SAT_184,"Dundee, Scotland",76.2,1782.5,137.7,YES
835,SAT_180,"Dublin, Ireland",83.45,1865.3,64.4,YES
836,SAT_131,"Pretoria, South Africa",80.12,1827.2,97.3,YES
837,SAT_181,"Stockholm, Sweden",75.52,1774.7,144.8,YES
838,SAT_027,"Mojave, USA",79.31,1818.0,104.7,YES
839,SAT_185,"Sodankylä, Finland",81.93,1847.9,80.0,YES
840,SAT_021,"Portland, USA",67.98,1688.7,224.5,YES
841,SAT_161,"Zallaq, Bahrain",56.34,1555.9,362.2,YES
842,SAT_161,"Zallaq, Bahrain",87.06,1906.4,28.5,YES
843,SAT_010,"North Pole, USA",84.3,1875.0,56.3,YES
844,SAT_006,"Utqiagvik, USA",64.08,1644.2,272.2,YES
845,SAT_057,"Tahiti, French Polynesia",76.94,1791.0,129.0,YES
846,SAT_057,"Tahiti, French Polynesia",59.68,1594.0,321.7,YES
847,SAT_034,"Kapolei, USA",81.02,1837.5,87.6,YES
848,SAT_034,"Kapolei, USA",56.14,1553.6,365.7,YES
849,SAT_081,"Awarua, New Zeland",34.11,1302.2,778.1,YES
850,SAT_081,"Awarua, New Zeland",57.64,1570.7,356.8,YES
851,SAT_081,"Awarua, New Zeland",80.29,1829.2,97.8,YES
852,SAT_081,"Awarua, New Zeland",47.7,1457.3,502.9,YES
853,SAT_002,"Obihiro, Japan",65.62,1661.8,237.8,YES
854,SAT_200,"Chitose, Japan",76.99,1791.5,130.4,YES
855,SAT_192,"Seoul, South Korea",74.48,1762.9,156.5,YES
856,SAT_084,"Dubbo, Australia",80.88,1835.9,91.6,YES
857,SAT_148,Singapore,76.93,1790.9,129.5,YES
858,SAT_148,Singapore,65.11,1656.0,257.3,YES
859,SAT_096,"Alice Springs, Australia",78.08,1803.9,120.3,YES
860,SAT_019,"Harmon, Guam",64.49,1648.8,266.4,YES
861,SAT_019,"Harmon, Guam",73.55,1752.2,165.9,YES
862,SAT_018,"Harmon, Guam",41.95,1391.7,598.0,YES
863,SAT_017,"Harmon, Guam",25.25,1201.1,1028.2,YES
864,SAT_015,"Harmon, Guam",15.54,1090.3,1455.2,YES
865,SAT_009,"Harmon, Guam",9.09,1016.7,1871.7,YES
866,SAT_133,"Harmon, Guam",8.99,1015.5,1872.6,YES
867,SAT_127,"Harmon, Guam",14.75,1081.2,1498.7,YES
868,SAT_125,"Harmon, Guam",23.03,1175.8,1111.7,YES
869,SAT_124,"Harmon, Guam",36.21,1326.2,721.1,YES
870,SAT_123,"Harmon, Guam",59.48,1591.7,330.0,YES
871,SAT_123,"Harmon, Guam",83.55,1866.4,64.3,YES
872,SAT_191,"Alice Springs, Australia",86.33,1898.1,37.0,YES
873,SAT_048,Singapore,62.26,1623.4,295.0,YES
874,SAT_010,"Mingenew, Australia",84.11,1872.8,59.7,YES
875,SAT_181,"Dubbo, Australia",68.69,1696.8,224.6,YES
876,SAT_095,"Seoul, South Korea",79.98,1825.6,101.6,YES
877,SAT_104,"Chitose, Japan",66.82,1675.5,244.9,YES
878,SAT_106,"Obihiro, Japan",75.63,1776.0,147.4,YES
879,SAT_106,"Obihiro, Japan",45.73,1434.8,541.6,YES
880,SAT_179,"Awarua, New Zeland",46.32,1441.5,537.6,YES
881,SAT_179,"Awarua, New Zeland",75.82,1778.2,147.6,YES
882,SAT_179,"Awarua, New Zeland",66.03,1666.5,258.6,YES
883,SAT_179,"Awarua, New Zeland",40.47,1374.8,650.9,YES
884,SAT_061,"Dubai, UAE",49.17,1474.1,478.4,YES
885,SAT_061,"Dubai, UAE",85.75,1891.5,42.5,YES
886,SAT_134,"Paumalu, USA",82.48,1854.2,75.2,YES
887,SAT_061,"Zallaq, Bahrain",58.87,1584.8,339.7,YES
888,SAT_156,"Tahiti, French Polynesia",76.64,1787.5,135.9,YES
889,SAT_107,"Utqiagvik, USA",84.13,1873.1,59.8,YES
890,SAT_108,"Deadhorse, USA",72.56,1741.0,181.9,YES
891,SAT_084,"Sodankylä, Finland",81.6,1844.2,85.7,YES
892,SAT_080,"Stockholm, Sweden",82.29,1852.0,78.3,YES
893,SAT_027,"Cape Town, South Africa",75.22,1771.4,152.3,YES
894,SAT_078,"Dublin, Ireland",87.66,1913.3,23.6,YES
895,SAT_081,"Dundee, Scotland",81.51,1843.1,86.1,YES
896,SAT_125,"Mojave, USA",83.89,1870.3,61.1,YES
897,SAT_125,"Mojave, USA",51.96,1505.9,435.4,YES
898,SAT_050,"Accra, Ghana",63.65,1639.2,277.9,YES
899,SAT_050,"Accra, Ghana",71.46,1728.4,189.0,YES
900,SAT_191,"Punta Arenas, Chile",76.7,1788.2,138.1,YES
901,SAT_112,"Columbus, USA",61.05,1609.7,312.5,YES
902,SAT_111,"Columbus, USA",78.79,1812.1,113.1,YES
903,SAT_115,"Pendergrass, USA",82.86,1858.5,71.3,YES
904,SAT_114,"Pendergrass, USA",52.09,1507.4,431.8,YES
905,SAT_191,"Cordoba, Argentina",62.73,1628.8,294.0,YES
906,SAT_192,"Cordoba, Argentina",77.91,1802.0,122.9,YES
907,SAT_192,"Cordoba, Argentina",46.55,1444.2,523.4,YES
908,SAT_192,"Cordoba, Argentina",28.47,1237.8,932.2,YES
909,SAT_193,"Cordoba, Argentina",17.87,1116.9,1341.7,YES
910,SAT_001,"Cordoba, Argentina",11.02,1038.7,1727.9,YES
911,SAT_001,"Cordoba, Argentina",6.18,983.4,2082.1,YES
918,SAT_094,"Cordoba, Argentina",7.8,1002.0,1961.3,YES
919,SAT_094,"Cordoba, Argentina",13.89,1071.4,1544.5,YES
920,SAT_094,"Cordoba, Argentina",22.5,1169.8,1128.7,YES
921,SAT_095,"Cordoba, Argentina",36.47,1329.1,712.9,YES
922,SAT_095,"Cordoba, Argentina",62.05,1621.1,296.9,YES
923,SAT_095,"Cordoba, Argentina",77.96,1802.6,120.8,YES
924,SAT_012,"Pendergrass, USA",61.16,1610.8,304.0,YES
925,SAT_012,"Pendergrass, USA",77.51,1797.4,123.6,YES
926,SAT_009,"Columbus, USA",87.24,1908.5,27.0,YES
927,SAT_009,"Columbus, USA",51.02,1495.2,441.5,YES
928,SAT_094,"Punta Arenas, Chile",65.92,1665.2,253.5,YES
929,SAT_096,"Ushuaia, Argentina",82.19,1850.9,78.6,YES
930,SAT_024,"Mojave, USA",73.18,1748.1,167.4,YES
931,SAT_150,"Accra, Ghana",76.46,1785.4,132.7,YES
932,SAT_019,"Portland, USA",74.68,1765.2,152.5,YES
933,SAT_019,"Portland, USA",62.78,1629.4,284.2,YES
934,SAT_176,"Guildford Pole, UK",77.12,1793.0,127.8,YES
935,SAT_180,"Dundee, Scotland",66.25,1669.0,245.2,YES
936,SAT_177,"Dublin, Ireland",83.01,1860.3,68.7,YES
937,SAT_128,"Cape Town, South Africa",85.38,1887.3,45.4,YES
938,SAT_183,"Öjebyn, Sweden",80.02,1826.1,99.1,YES
939,SAT_184,"Sodankylä, Finland",82.64,1856.0,72.9,YES
940,SAT_146,"Mwulire, Rwanda",79.15,1816.2,105.9,YES
941,SAT_146,"Mwulire, Rwanda",57.31,1566.9,349.3,YES
942,SAT_146,"Mwulire, Rwanda",35.16,1314.2,728.7,YES
943,SAT_075,"Awarua, New Zeland",43.33,1407.4,577.6,YES
944,SAT_075,"Awarua, New Zeland",74.47,1762.8,157.9,YES
945,SAT_163,"Zallaq, Bahrain",84.76,1880.2,51.0,YES
946,SAT_163,"Dubai, UAE",73.74,1754.4,161.8,YES
947,SAT_163,"Dubai, UAE",67.62,1684.6,227.7,YES
948,SAT_013,"Obihiro, Japan",61.09,1610.1,307.1,YES
949,SAT_013,"Chitose, Japan",83.64,1867.5,62.7,YES
950,SAT_072,"Dubbo, Australia",70.35,1715.8,201.3,YES
951,SAT_008,"Seoul, South Korea",60.85,1607.3,310.8,YES
952,SAT_008,"Seoul, South Korea",78.55,1809.3,114.1,YES
953,SAT_073,"Alice Springs, Australia",67.92,1688.0,228.3,YES
954,SAT_073,"Alice Springs, Australia",70.11,1713.0,203.9,YES
955,SAT_091,"Mingenew, Australia",81.51,1843.2,85.1,YES
956,SAT_091,"Mingenew, Australia",48.12,1462.1,495.0,YES
957,SAT_090,"Mingenew, Australia",29.01,1244.0,913.2,YES
958,SAT_153,Singapore,19.26,1132.8,1259.6,YES
959,SAT_154,Singapore,29.92,1254.4,875.4,YES
960,SAT_155,Singapore,47.86,1459.1,492.6,YES
961,SAT_158,Singapore,78.14,1804.7,118.2,YES
962,SAT_175,Singapore,71.51,1729.0,188.7,YES
963,SAT_054,Singapore,79.91,1824.9,100.3,YES
964,SAT_064,Singapore,60.93,1608.2,310.6,YES
965,SAT_074,Singapore,36.36,1327.9,717.9,YES
966,SAT_079,Singapore,22.61,1170.9,1131.7,YES
967,SAT_082,Singapore,13.99,1072.6,1550.1,YES
968,SAT_186,"Mingenew, Australia",21.52,1158.5,1186.0,YES
969,SAT_186,"Mingenew, Australia",34.13,1302.4,781.7,YES
970,SAT_186,"Mingenew, Australia",56.3,1555.5,378.1,YES
971,SAT_186,"Mingenew, Australia",86.38,1898.7,36.6,YES
972,SAT_169,"Alice Springs, Australia",72.71,1742.7,178.2,YES
973,SAT_169,"Alice Springs, Australia",68.53,1694.9,225.1,YES
974,SAT_136,"Harmon, Guam",79.58,1821.1,104.5,YES
975,SAT_112,"Seoul, South Korea",63.2,1634.2,287.5,YES
976,SAT_064,"Dubai, UAE",62.66,1628.1,291.8,YES
977,SAT_169,"Dubbo, Australia",81.17,1839.2,89.9,YES
978,SAT_064,"Zallaq, Bahrain",82.0,1848.7,80.3,YES
979,SAT_064,"Zallaq, Bahrain",47.11,1450.5,512.6,YES
980,SAT_045,"Mwulire, Rwanda",35.14,1314.0,749.6,YES
981,SAT_045,"Mwulire, Rwanda",60.48,1603.2,318.6,YES
982,SAT_045,"Mwulire, Rwanda",73.76,1754.7,165.6,YES
983,SAT_032,"Pretoria, South Africa",83.96,1871.0,61.0,YES
984,SAT_032,"Pretoria, South Africa",48.48,1466.1,494.2,YES
985,SAT_028,"Cape Town, South Africa",81.71,1845.4,84.4,YES
986,SAT_083,"Öjebyn, Sweden",84.81,1880.8,52.8,YES
987,SAT_076,"Dublin, Ireland",74.95,1768.2,154.9,YES
988,SAT_107,"Utqiagvik, USA",83.62,1867.2,65.0,YES
989,SAT_107,"Deadhorse, USA",88.21,1919.6,18.1,YES
990,SAT_134,"Paumalu, USA",72.49,1740.1,179.0,YES
991,SAT_157,"Tahiti, French Polynesia",57.18,1565.5,362.7,YES
992,SAT_157,"Tahiti, French Polynesia",87.29,1909.0,27.1,YES
993,SAT_157,"Tahiti, French Polynesia",53.88,1527.8,407.9,YES
994,SAT_115,"Portland, USA",42.18,1394.2,604.1,YES
995,SAT_115,"Portland, USA",69.91,1710.7,208.9,YES
996,SAT_115,"Portland, USA",71.51,1729.0,190.8,YES
997,SAT_002,"Ushuaia, Argentina",81.05,1837.9,99.2,YES
998,SAT_119,"Mojave, USA",85.29,1886.3,46.9,YES
999,SAT_118,"Mojave, USA",55.93,1551.3,377.8,YES
1000,SAT_097,"Columbus, USA",64.08,1644.2,275.5,YES
1001,SAT_097,"Columbus, USA",76.45,1785.4,137.4,YES
1002,SAT_097,"Pendergrass, USA",79.98,1825.7,100.6,YES
1003,SAT_097,"Pendergrass, USA",60.3,1601.1,320.2,YES
1004,SAT_097,"Pendergrass, USA",35.71,1320.5,733.2,YES
1005,SAT_097,"Pendergrass, USA",22.13,1165.5,1147.3,YES
1006,SAT_097,"Pendergrass, USA",13.66,1068.8,1561.8,YES
1007,SAT_096,"Pendergrass, USA",7.66,1000.3,1976.2,YES
1016,SAT_194,"Pendergrass, USA",8.19,1006.4,1923.0,YES
1017,SAT_194,"Pendergrass, USA",14.34,1076.6,1509.6,YES
1018,SAT_194,"Pendergrass, USA",23.13,1176.9,1096.7,YES
1019,SAT_194,"Pendergrass, USA",37.46,1340.4,684.6,YES
1020,SAT_193,"Pendergrass, USA",63.57,1638.4,275.6,YES
1021,SAT_193,"Pendergrass, USA",75.34,1772.7,146.2,YES
1022,SAT_193,"Columbus, USA",79.71,1822.5,101.7,YES
1023,SAT_017,"Mojave, USA",77.76,1800.3,120.8,YES
1024,SAT_017,"Mojave, USA",60.39,1602.1,313.0,YES
1025,SAT_013,"Portland, USA",54.46,1534.4,391.4,YES
1026,SAT_013,"Portland, USA",85.98,1894.1,39.3,YES
1027,SAT_105,"Ushuaia, Argentina",81.17,1839.2,88.9,YES
1028,SAT_058,"Tahiti, French Polynesia",68.98,1700.1,212.6,YES
1029,SAT_034,"Paumalu, USA",60.12,1599.0,313.4,YES
1030,SAT_034,"Paumalu, USA",77.01,1791.8,127.2,YES
1031,SAT_009,"North Pole, USA",53.34,1521.7,409.7,YES
1032,SAT_009,"North Pole, USA",84.92,1882.1,50.0,YES
1033,SAT_006,"Deadhorse, USA",81.25,1840.2,86.8,YES
1034,SAT_006,"Utqiagvik, USA",71.98,1734.4,183.0,YES
1035,SAT_178,"Dundee, Scotland",83.54,1866.3,63.5,YES
1036,SAT_175,"Guildford Pole, UK",70.42,1716.5,198.3,YES
1037,SAT_176,"Dublin, Ireland",80.25,1828.7,96.3,YES
1038,SAT_184,"Öjebyn, Sweden",84.78,1880.5,51.5,YES
1039,SAT_186,"Sodankylä, Finland",66.36,1670.2,245.5,YES
1040,SAT_127,"Cape Town, South Africa",81.34,1841.2,85.8,YES
1041,SAT_067,"Dubbo, Australia",60.65,1605.1,313.2,YES
1042,SAT_020,"Obihiro, Japan",84.2,1873.8,56.9,YES
1043,SAT_038,"Harmon, Guam",71.89,1733.4,180.6,YES
1044,SAT_145,"Mwulire, Rwanda",84.24,1874.3,56.0,YES
1045,SAT_019,"Seoul, South Korea",74.41,1762.1,156.0,YES
1046,SAT_064,"Alice Springs, Australia",67.32,1681.2,233.4,YES
1047,SAT_169,"Zallaq, Bahrain",54.55,1535.5,390.1,YES
1048,SAT_169,"Zallaq, Bahrain",84.28,1874.8,56.0,YES
1049,SAT_171,"Dubai, UAE",80.27,1829.0,96.0,YES
1050,SAT_171,"Dubai, UAE",61.73,1617.4,298.1,YES
1051,SAT_172,"Dubai, UAE",37.46,1340.4,686.2,YES
1052,SAT_044,Singapore,30.69,1263.2,850.0,YES
1053,SAT_044,Singapore,53.22,1520.3,409.2,YES
1054,SAT_044,Singapore,86.5,1900.0,34.3,YES
1055,SAT_044,Singapore,49.03,1472.5,472.7,YES
1056,SAT_044,Singapore,28.62,1239.6,913.3,YES
1057,SAT_041,Singapore,17.37,1111.2,1352.0,YES
1058,SAT_029,Singapore,10.5,1032.8,1761.6,YES
1059,SAT_018,Singapore,6.3,984.8,2091.1,YES
1060,SAT_146,Singapore,6.92,991.9,2033.4,YES
1061,SAT_146,Singapore,12.2,1052.1,1649.4,YES
1062,SAT_145,Singapore,19.3,1133.2,1265.0,YES
1063,SAT_145,Singapore,29.92,1254.3,880.6,YES
1064,SAT_145,Singapore,47.81,1458.5,496.3,YES
1065,SAT_145,Singapore,78.72,1811.3,112.8,YES
1066,SAT_145,Singapore,64.06,1644.0,273.1,YES
1067,SAT_145,Singapore,39.13,1359.5,657.1,YES
1068,SAT_072,"Dubai, UAE",53.38,1522.2,414.3,YES
1069,SAT_072,"Dubai, UAE",85.92,1893.5,40.7,YES
1070,SAT_071,"Zallaq, Bahrain",86.44,1899.4,35.6,YES
1071,SAT_170,"Mingenew, Australia",69.17,1702.3,218.4,YES
1072,SAT_170,"Mingenew, Australia",72.55,1740.9,181.0,YES
1073,SAT_045,"Mwulire, Rwanda",68.22,1691.5,226.1,YES
1074,SAT_029,"Pretoria, South Africa",70.14,1713.4,207.1,YES
1075,SAT_162,"Alice Springs, Australia",86.27,1897.5,37.5,YES
1076,SAT_121,"Seoul, South Korea",61.6,1615.9,306.9,YES
1077,SAT_026,"Cape Town, South Africa",84.27,1874.6,58.2,YES
1078,SAT_139,"Harmon, Guam",66.68,1673.8,243.7,YES
1079,SAT_122,"Obihiro, Japan",83.88,1870.1,61.7,YES
1080,SAT_081,"Stockholm, Sweden",82.42,1853.6,77.1,YES
1081,SAT_077,"Dublin, Ireland",77.32,1795.3,129.8,YES
1082,SAT_075,"Guildford Pole, UK",82.77,1857.5,73.2,YES
1083,SAT_078,"Dundee, Scotland",72.13,1736.1,185.7,YES
1084,SAT_172,"Awarua, New Zeland",78.44,1808.1,119.3,YES
1085,SAT_173,"Awarua, New Zeland",61.54,1615.3,313.0,YES
1086,SAT_105,"Utqiagvik, USA",48.07,1461.5,505.3,YES
1087,SAT_105,"Utqiagvik, USA",79.95,1825.3,103.0,YES
1088,SAT_104,"Deadhorse, USA",81.81,1846.5,83.6,YES
1089,SAT_106,"North Pole, USA",80.05,1826.5,101.6,YES
1090,SAT_106,"North Pole, USA",57.84,1573.0,358.1,YES
1091,SAT_010,"Ushuaia, Argentina",68.42,1693.7,230.7,YES
1092,SAT_009,"Punta Arenas, Chile",80.51,1831.7,97.9,YES
1093,SAT_132,"Kapolei, USA",87.35,1909.8,26.2,YES
1094,SAT_023,"Cordoba, Argentina",64.51,1649.1,272.0,YES
1095,SAT_022,"Cordoba, Argentina",72.64,1741.9,179.2,YES
1096,SAT_083,"Columbus, USA",80.02,1826.1,100.5,YES
1097,SAT_080,"Pendergrass, USA",69.04,1700.8,217.0,YES
1098,SAT_081,"Pendergrass, USA",68.37,1693.2,224.3,YES
1099,SAT_105,"Mojave, USA",76.59,1787.0,135.5,YES
1100,SAT_104,"Mojave, USA",45.44,1431.5,538.3,YES
1101,SAT_104,"Mojave, USA",27.98,1232.3,941.4,YES
1102,SAT_104,"Mojave, USA",17.62,1114.0,1347.6,YES
1103,SAT_103,"Mojave, USA",10.69,1034.9,1752.4,YES
1104,SAT_103,"Mojave, USA",5.48,975.4,2158.8,YES
1113,SAT_005,"Mojave, USA",5.67,977.7,2129.6,YES
1114,SAT_004,"Mojave, USA",11.07,1039.3,1713.1,YES
1115,SAT_003,"Mojave, USA",18.43,1123.2,1295.8,YES
1116,SAT_003,"Mojave, USA",29.72,1252.1,878.0,YES
1117,SAT_003,"Mojave, USA",49.38,1476.4,466.3,YES
1118,SAT_003,"Mojave, USA",76.56,1786.7,133.5,YES
1119,SAT_061,"Tahiti, French Polynesia",83.34,1864.0,65.1,YES
1120,SAT_176,"Pendergrass, USA",84.35,1875.5,55.2,YES
1121,SAT_031,"Kapolei, USA",81.75,1845.8,80.3,YES
1122,SAT_179,"Columbus, USA",63.85,1641.6,271.8,YES
1123,SAT_125,"Cordoba, Argentina",84.86,1881.3,50.6,YES
1124,SAT_125,"Cordoba, Argentina",55.9,1550.8,373.8,YES
1125,SAT_112,"Punta Arenas, Chile",68.48,1694.4,223.6,YES
1126,SAT_112,"Ushuaia, Argentina",78.57,1809.5,115.4,YES
1127,SAT_005,"North Pole, USA",84.42,1876.3,55.1,YES
1128,SAT_003,"Deadhorse, USA",75.15,1770.5,149.3,YES
1129,SAT_004,"Utqiagvik, USA",86.8,1903.4,31.6,YES
1130,SAT_073,"Awarua, New Zeland",84.35,1875.6,56.1,YES
1131,SAT_073,"Awarua, New Zeland",50.97,1494.6,448.2,YES
1132,SAT_064,"Dubbo, Australia",39.1,1359.1,651.2,YES
1133,SAT_065,"Dubbo, Australia",67.36,1681.7,232.8,YES
1134,SAT_039,"Harmon, Guam",71.85,1732.9,180.4,YES
1135,SAT_022,"Chitose, Japan",76.79,1789.2,130.9,YES
1136,SAT_179,"Dundee, Scotland",85.37,1887.2,45.6,YES
1137,SAT_061,"Alice Springs, Australia",81.6,1844.1,82.7,YES
1138,SAT_179,"Dublin, Ireland",82.85,1858.4,70.6,YES
1139,SAT_150,"Accra, Ghana",82.77,1857.5,70.3,YES
1140,SAT_150,"Accra, Ghana",58.58,1581.4,333.8,YES
1141,SAT_066,"Mingenew, Australia",80.87,1835.8,90.5,YES
1142,SAT_122,"Cape Town, South Africa",76.13,1781.7,139.6,YES
1143,SAT_121,"Cape Town, South Africa",64.75,1651.8,265.0,YES
1144,SAT_045,Singapore,58.39,1579.3,337.4,YES
1145,SAT_045,Singapore,77.28,1794.8,125.6,YES
1146,SAT_123,"Pretoria, South Africa",68.88,1699.0,217.1,YES
1147,SAT_144,"Mwulire, Rwanda",54.24,1531.9,394.0,YES
1148,SAT_144,"Mwulire, Rwanda",86.73,1902.7,32.0,YES
1149,SAT_186,"Zallaq, Bahrain",69.99,1711.6,204.5,YES
1150,SAT_191,"Dubai, UAE",81.56,1843.7,83.8,YES
1151,SAT_192,"Dubai, UAE",59.36,1590.3,330.3,YES
1152,SAT_192,"Dubai, UAE",35.36,1316.5,739.1,YES
1153,SAT_193,"Dubai, UAE",22.12,1165.3,1147.1,YES
1154,SAT_194,"Dubai, UAE",13.78,1070.2,1556.5,YES
1155,SAT_194,"Dubai, UAE",7.86,1002.6,1965.5,YES
1159,SAT_045,"Mwulire, Rwanda",8.74,1012.6,1892.2,YES
1160,SAT_045,"Mwulire, Rwanda",15.57,1090.6,1452.3,YES
1161,SAT_045,"Mwulire, Rwanda",25.73,1206.6,1012.8,YES
1162,SAT_044,"Mwulire, Rwanda",43.34,1407.5,574.3,YES
1163,SAT_044,"Mwulire, Rwanda",76.3,1783.7,138.0,YES
1164,SAT_089,"Zallaq, Bahrain",81.4,1841.8,86.6,YES
1165,SAT_090,"Zallaq, Bahrain",59.67,1593.9,330.7,YES
1166,SAT_022,"Pretoria, South Africa",62.11,1621.7,301.2,YES
1167,SAT_022,"Pretoria, South Africa",77.14,1793.3,131.4,YES
1168,SAT_146,Singapore,48.55,1467.0,486.6,YES
1169,SAT_146,Singapore,78.77,1811.9,112.8,YES
1170,SAT_020,"Cape Town, South Africa",75.13,1770.3,153.7,YES
1171,SAT_050,"Accra, Ghana",82.05,1849.2,79.5,YES
1172,SAT_050,"Accra, Ghana",54.34,1533.0,399.9,YES
1173,SAT_164,"Mingenew, Australia",56.37,1556.3,376.9,YES
1174,SAT_164,"Mingenew, Australia",85.34,1886.8,47.1,YES
1175,SAT_078,"Guildford Pole, UK",76.86,1790.0,134.6,YES
1176,SAT_091,"Sodankylä, Finland",81.38,1841.6,88.3,YES
1177,SAT_125,"Seoul, South Korea",74.81,1766.6,155.4,YES
1178,SAT_160,"Alice Springs, Australia",76.23,1782.8,140.8,YES
1179,SAT_160,"Alice Springs, Australia",66.37,1670.4,249.9,YES
1180,SAT_123,"Chitose, Japan",63.38,1636.2,285.0,YES
1181,SAT_123,"Obihiro, Japan",85.52,1888.9,45.0,YES
1182,SAT_165,"Dubbo, Australia",77.93,1802.3,123.5,YES
1183,SAT_165,"Dubbo, Australia",62.37,1624.7,299.3,YES
1184,SAT_015,"Ushuaia, Argentina",41.3,1384.3,634.3,YES
1185,SAT_014,"Ushuaia, Argentina",69.14,1701.9,222.6,YES
1186,SAT_174,"Awarua, New Zeland",81.31,1840.8,89.1,YES
1187,SAT_027,"Cordoba, Argentina",70.96,1722.7,198.2,YES
1188,SAT_101,"North Pole, USA",83.36,1864.2,67.4,YES
1189,SAT_074,"Columbus, USA",66.75,1674.7,244.1,YES
1190,SAT_071,"Pendergrass, USA",75.7,1776.8,145.0,YES
1191,SAT_071,"Pendergrass, USA",63.01,1632.0,287.1,YES
1192,SAT_092,"Portland, USA",45.74,1434.9,538.8,YES
1193,SAT_092,"Portland, USA",76.82,1789.6,134.1,YES
1194,SAT_092,"Portland, USA",61.8,1618.2,303.3,YES
1195,SAT_087,"Mojave, USA",65.12,1656.1,262.2,YES
1196,SAT_123,"Kapolei, USA",85.22,1885.5,47.3,YES
1197,SAT_122,"Kapolei, USA",58.64,1582.1,339.2,YES
1198,SAT_173,"Tahiti, French Polynesia",64.7,1651.3,266.4,YES
1199,SAT_174,"Tahiti, French Polynesia",78.21,1805.5,118.4,YES
1200,SAT_176,"Tahiti, French Polynesia",47.67,1456.9,499.6,YES
1201,SAT_177,"Tahiti, French Polynesia",30.06,1255.9,877.4,YES
1202,SAT_179,"Tahiti, French Polynesia",19.58,1136.4,1252.9,YES
1203,SAT_182,"Tahiti, French Polynesia",12.61,1056.8,1623.7,YES
1204,SAT_185,"Tahiti, French Polynesia",7.48,998.3,1987.7,YES
1206,SAT_060,"Tahiti, French Polynesia",5.48,975.5,2144.0,YES
1207,SAT_064,"Tahiti, French Polynesia",10.37,1031.3,1760.2,YES
1208,SAT_067,"Tahiti, French Polynesia",17.03,1107.3,1363.8,YES
1209,SAT_070,"Tahiti, French Polynesia",27.07,1221.8,959.3,YES
1210,SAT_072,"Tahiti, French Polynesia",44.5,1420.7,547.7,YES
1211,SAT_073,"Tahiti, French Polynesia",76.52,1786.2,134.2,YES
1212,SAT_075,"Tahiti, French Polynesia",62.58,1627.1,288.4,YES
1213,SAT_023,"Kapolei, USA",73.24,1748.8,167.0,YES
1214,SAT_022,"Paumalu, USA",66.64,1673.4,238.6,YES
1215,SAT_182,"Mojave, USA",53.44,1522.8,405.4,YES
1216,SAT_183,"Mojave, USA",83.96,1871.1,59.1,YES
1217,SAT_183,"Mojave, USA",53.69,1525.7,402.2,YES
1218,SAT_189,"Portland, USA",75.13,1770.3,148.5,YES
1219,SAT_189,"Portland, USA",64.12,1644.7,269.7,YES
1220,SAT_168,"Pendergrass, USA",41.71,1388.9,593.4,YES
1221,SAT_168,"Pendergrass, USA",69.39,1704.8,207.8,YES
1222,SAT_171,"Columbus, USA",71.89,1733.3,181.4,YES
1223,SAT_076,"Awarua, New Zeland",81.27,1840.3,87.2,YES
1224,SAT_199,"Deadhorse, USA",63.27,1634.9,281.4,YES
1225,SAT_200,"Utqiagvik, USA",84.79,1880.6,51.5,YES
1226,SAT_116,"Punta Arenas, Chile",84.7,1879.5,52.9,YES
1227,SAT_023,"Obihiro, Japan",83.01,1860.2,68.3,YES
1228,SAT_060,"Alice Springs, Australia",78.03,1803.4,118.2,YES
1229,SAT_060,"Alice Springs, Australia",58.7,1582.8,334.5,YES
1230,SAT_026,"Seoul, South Korea",84.76,1880.2,51.0,YES
1231,SAT_026,"Seoul, South Korea",49.26,1475.1,465.3,YES
1232,SAT_063,"Mingenew, Australia",69.45,1705.5,209.1,YES
1233,SAT_063,"Mingenew, Australia",66.96,1677.0,236.9,YES
1234,SAT_064,"Mingenew, Australia",38.16,1348.4,671.7,YES
1235,SAT_046,Singapore,64.86,1653.2,257.7,YES
1236,SAT_194,"Sodankylä, Finland",85.71,1891.1,42.5,YES
1237,SAT_182,"Guildford Pole, UK",66.3,1669.5,245.6,YES
1238,SAT_186,"Dublin, Ireland",78.11,1804.3,118.8,YES
1239,SAT_186,"Dublin, Ireland",60.68,1605.4,313.1,YES
1240,SAT_186,"Dublin, Ireland",36.44,1328.7,712.8,YES
1241,SAT_152,"Accra, Ghana",32.8,1287.3,789.9,YES
1242,SAT_152,"Accra, Ghana",53.44,1522.8,404.0,YES
1243,SAT_152,"Accra, Ghana",87.17,1907.7,27.6,YES
1244,SAT_110,"Cape Town, South Africa",82.9,1859.0,71.0,YES
1245,SAT_015,"Dubai, UAE",69.06,1701.0,214.2,YES
1246,SAT_011,"Zallaq, Bahrain",86.67,1902.0,32.8,YES
1247,SAT_105,"Pretoria, South Africa",85.35,1886.9,46.4,YES
1248,SAT_104,"Pretoria, South Africa",51.09,1495.9,448.0,YES
1249,SAT_103,"Pretoria, South Africa",31.16,1268.5,851.3,YES
1250,SAT_141,"Mwulire, Rwanda",33.87,1299.4,770.4,YES
1251,SAT_139,"Mwulire, Rwanda",53.68,1525.5,404.8,YES
1252,SAT_130,"Mwulire, Rwanda",79.1,1815.6,108.6,YES
1253,SAT_116,"Mwulire, Rwanda",78.41,1807.8,116.1,YES
1254,SAT_039,"Mwulire, Rwanda",78.96,1814.0,110.0,YES
1255,SAT_029,"Mwulire, Rwanda",64.11,1644.5,272.4,YES
1256,SAT_010,"Mwulire, Rwanda",42.11,1393.5,600.9,YES
1257,SAT_007,"Mwulire, Rwanda",27.34,1225.0,968.2,YES
1258,SAT_002,"Pretoria, South Africa",23.21,1177.8,1192.2,YES
1259,SAT_002,"Pretoria, South Africa",36.55,1330.0,780.5,YES
1260,SAT_002,"Pretoria, South Africa",59.13,1587.8,370.4,YES
1261,SAT_002,"Pretoria, South Africa",85.15,1884.7,53.8,YES
1262,SAT_052,"Accra, Ghana",88.49,1922.8,14.9,YES
1263,SAT_120,"Dubai, UAE",81.22,1839.8,88.1,YES
1264,SAT_008,"Cape Town, South Africa",79.06,1815.2,112.2,YES
1265,SAT_007,"Cape Town, South Africa",47.28,1452.5,519.6,YES
1266,SAT_007,"Cape Town, South Africa",28.93,1243.1,936.8,YES
1267,SAT_087,"Dublin, Ireland",27.33,1224.8,976.7,YES
1268,SAT_087,"Dublin, Ireland",44.6,1421.9,562.0,YES
1269,SAT_088,"Dublin, Ireland",74.87,1767.3,156.2,YES
1270,SAT_093,"Stockholm, Sweden",73.08,1747.0,175.9,YES
1271,SAT_085,"Dundee, Scotland",83.43,1865.0,66.8,YES
1272,SAT_095,"Öjebyn, Sweden",80.66,1833.5,95.6,YES
1273,SAT_146,Singapore,80.39,1830.4,96.4,YES
1274,SAT_146,Singapore,62.56,1626.8,292.7,YES
1275,SAT_146,Singapore,38.38,1350.9,675.7,YES
1276,SAT_163,"Mingenew, Australia",55.75,1549.1,385.8,YES
1277,SAT_163,"Mingenew, Australia",83.42,1864.9,66.6,YES
1278,SAT_029,"Cordoba, Argentina",77.9,1802.0,123.8,YES
1279,SAT_016,"Ushuaia, Argentina",83.28,1863.3,69.3,YES
1280,SAT_125,"Seoul, South Korea",78.67,1810.8,114.6,YES
1281,SAT_160,"Alice Springs, Australia",62.42,1625.3,296.7,YES
1282,SAT_070,"Columbus, USA",88.29,1920.5,17.1,YES
1283,SAT_121,"Chitose, Japan",83.65,1867.6,63.8,YES
1284,SAT_096,"Deadhorse, USA",81.89,1847.4,82.7,YES
1285,SAT_138,"Harmon, Guam",88.05,1917.7,19.3,YES
1286,SAT_095,"North Pole, USA",64.39,1647.8,274.6,YES
1287,SAT_180,"Awarua, New Zeland",77.92,1802.1,124.6,YES
1288,SAT_082,"Portland, USA",80.67,1833.5,94.2,YES
1289,SAT_075,"Mojave, USA",80.7,1833.9,93.3,YES
1290,SAT_075,"Mojave, USA",58.49,1580.4,343.8,YES
1291,SAT_075,"Mojave, USA",34.08,1301.9,773.2,YES
1292,SAT_076,"Mojave, USA",20.91,1151.5,1199.6,YES
1293,SAT_076,"Mojave, USA",12.64,1057.2,1626.2,YES
1294,SAT_100,"Paumalu, USA",20.22,1143.7,1231.2,YES
1295,SAT_099,"Paumalu, USA",32.2,1280.4,820.9,YES
1296,SAT_099,"Paumalu, USA",53.48,1523.2,410.7,YES
1297,SAT_098,"Paumalu, USA",88.0,1917.1,19.8,YES
1298,SAT_007,"Tahiti, French Polynesia",75.44,1773.8,147.2,YES
1299,SAT_002,"Tahiti, French Polynesia",45.95,1437.3,522.3,YES
1300,SAT_002,"Tahiti, French Polynesia",30.26,1258.2,854.4,YES
1301,SAT_002,"Tahiti, French Polynesia",19.07,1130.5,1242.8,YES
1302,SAT_002,"Tahiti, French Polynesia",11.42,1043.2,1648.9,YES
1303,SAT_131,"Tahiti, French Polynesia",10.63,1034.3,1742.0,YES
1304,SAT_126,"Tahiti, French Polynesia",15.87,1094.0,1424.4,YES
1305,SAT_122,"Tahiti, French Polynesia",23.54,1181.6,1082.1,YES
1306,SAT_118,"Tahiti, French Polynesia",36.01,1323.8,718.6,YES
1307,SAT_116,"Tahiti, French Polynesia",58.45,1579.9,339.8,YES
1308,SAT_114,"Tahiti, French Polynesia",84.68,1879.3,52.4,YES
1309,SAT_194,"Paumalu, USA",77.17,1793.5,127.3,YES
1310,SAT_194,"Paumalu, USA",44.84,1424.7,540.9,YES
1311,SAT_194,"Paumalu, USA",27.22,1223.6,954.2,YES
1312,SAT_193,"Paumalu, USA",16.98,1106.7,1367.1,YES
1313,SAT_170,"Mojave, USA",15.66,1091.7,1427.9,YES
1314,SAT_171,"Mojave, USA",24.52,1192.7,1039.4,YES
1315,SAT_171,"Mojave, USA",39.11,1359.3,645.5,YES
1316,SAT_038,"Harmon, Guam",69.23,1703.0,208.4,YES
1317,SAT_082,"Awarua, New Zeland",86.84,1903.9,31.5,YES
1318,SAT_178,"Portland, USA",81.58,1843.9,82.8,YES
1319,SAT_020,"Obihiro, Japan",63.13,1633.4,279.7,YES
1320,SAT_020,"Chitose, Japan",84.06,1872.2,58.1,YES
1321,SAT_193,"North Pole, USA",69.0,1700.4,215.4,YES
1322,SAT_025,"Seoul, South Korea",85.2,1885.2,46.7,YES
1323,SAT_165,"Pendergrass, USA",54.18,1531.3,392.1,YES
1324,SAT_063,"Mingenew, Australia",84.13,1873.0,57.6,YES
1325,SAT_169,"Columbus, USA",67.83,1687.0,225.4,YES
1326,SAT_046,Singapore,71.72,1731.4,181.7,YES
1327,SAT_117,"Punta Arenas, Chile",82.12,1850.0,79.0,YES
1328,SAT_116,"Ushuaia, Argentina",81.92,1847.8,81.1,YES
1329,SAT_129,"Cordoba, Argentina",71.31,1726.8,189.2,YES
1330,SAT_129,"Cordoba, Argentina",42.96,1403.2,576.4,YES
1331,SAT_199,"Sodankylä, Finland",31.28,1269.9,844.2,YES
1332,SAT_199,"Sodankylä, Finland",51.89,1505.1,433.6,YES
1333,SAT_199,"Sodankylä, Finland",81.91,1847.6,80.6,YES
1334,SAT_198,"Öjebyn, Sweden",74.16,1759.3,160.3,YES
1335,SAT_198,"Stockholm, Sweden",76.58,1786.8,134.9,YES
1336,SAT_191,"Dundee, Scotland",76.38,1784.6,136.8,YES
1337,SAT_191,"Guildford Pole, UK",83.16,1861.9,67.9,YES
1338,SAT_027,"Dubai, UAE",71.91,1733.5,181.7,YES
1339,SAT_024,"Zallaq, Bahrain",71.19,1725.3,189.8,YES
1340,SAT_024,"Zallaq, Bahrain",40.56,1375.8,620.2,YES
1341,SAT_092,"Cape Town, South Africa",51.1,1496.1,450.1,YES
1342,SAT_092,"Cape Town, South Africa",85.29,1886.2,47.2,YES
1343,SAT_081,"Pretoria, South Africa",86.09,1895.4,38.9,YES
1344,SAT_050,"Mwulire, Rwanda",54.38,1533.5,393.2,YES
1345,SAT_051,"Mwulire, Rwanda",84.84,1881.1,50.7,YES
1346,SAT_162,"Accra, Ghana",54.24,1531.9,396.1,YES
1347,SAT_165,"Accra, Ghana",85.47,1888.4,44.6,YES
1348,SAT_170,"Accra, Ghana",62.96,1631.5,284.9,YES
1349,SAT_176,"Accra, Ghana",42.41,1396.9,590.5,YES
1350,SAT_182,"Accra, Ghana",30.03,1255.6,879.9,YES
1351,SAT_053,"Accra, Ghana",28.72,1240.7,913.5,YES
1352,SAT_056,"Accra, Ghana",47.02,1449.5,508.1,YES
1353,SAT_060,"Accra, Ghana",79.58,1821.1,103.9,YES
1354,SAT_063,"Accra, Ghana",61.61,1616.0,302.4,YES
1355,SAT_149,"Mwulire, Rwanda",55.68,1548.3,379.3,YES
1356,SAT_149,"Mwulire, Rwanda",88.4,1921.7,15.9,YES
1357,SAT_149,"Mwulire, Rwanda",54.95,1540.0,390.0,YES
1358,SAT_175,"Pretoria, South Africa",42.61,1399.1,595.8,YES
1359,SAT_175,"Pretoria, South Africa",70.18,1713.9,206.4,YES
1360,SAT_176,"Pretoria, South Africa",72.0,1734.6,186.8,YES
1361,SAT_187,"Cape Town, South Africa",79.74,1822.9,105.2,YES
1362,SAT_187,"Cape Town, South Africa",47.94,1460.1,508.5,YES
1363,SAT_128,"Zallaq, Bahrain",59.34,1590.1,333.4,YES
1364,SAT_128,"Zallaq, Bahrain",84.09,1872.5,59.1,YES
1365,SAT_130,"Dubai, UAE",81.72,1845.5,83.1,YES
1366,SAT_098,"Dublin, Ireland",78.49,1808.6,117.9,YES
1367,SAT_093,"Dundee, Scotland",76.13,1781.7,143.0,YES
1368,SAT_101,"Stockholm, Sweden",72.06,1735.3,187.3,YES
1369,SAT_101,"Öjebyn, Sweden",80.05,1826.4,102.0,YES
1370,SAT_102,"Sodankylä, Finland",82.89,1858.9,72.6,YES
1371,SAT_102,"Sodankylä, Finland",52.77,1515.1,432.1,YES
1372,SAT_016,"Ushuaia, Argentina",75.28,1772.0,154.1,YES
1373,SAT_017,"Punta Arenas, Chile",80.72,1834.1,95.9,YES
1374,SAT_069,"Columbus, USA",77.72,1799.9,124.7,YES
1375,SAT_069,"Columbus, USA",60.3,1601.1,322.9,YES
1376,SAT_146,Singapore,49.62,1479.2,469.9,YES
1377,SAT_146,Singapore,81.04,1837.7,89.7,YES
1378,SAT_146,Singapore,61.9,1619.4,300.1,YES
1379,SAT_164,"Mingenew, Australia",52.96,1517.3,424.9,YES
1380,SAT_164,"Mingenew, Australia",85.74,1891.4,42.9,YES
1381,SAT_089,"North Pole, USA",70.97,1722.9,198.9,YES
1382,SAT_122,"Seoul, South Korea",76.1,1781.4,141.2,YES
1383,SAT_122,"Seoul, South Korea",65.49,1660.3,258.3,YES
1384,SAT_116,"Chitose, Japan",67.07,1678.4,240.6,YES
1385,SAT_115,"Obihiro, Japan",85.36,1887.1,46.4,YES
1386,SAT_165,"Alice Springs, Australia",58.82,1584.2,340.9,YES
1387,SAT_191,"Awarua, New Zeland",81.39,1841.7,88.2,YES
1388,SAT_175,"Dubbo, Australia",73.98,1757.2,164.6,YES
1389,SAT_133,"Harmon, Guam",78.75,1811.6,112.2,YES
1390,SAT_027,"Tahiti, French Polynesia",78.03,1803.4,120.4,YES
1391,SAT_074,"Paumalu, USA",83.63,1867.3,63.2,YES
1392,SAT_074,"Kapolei, USA",58.29,1578.1,343.7,YES
1393,SAT_075,"Kapolei, USA",34.21,1303.4,765.0,YES
1394,SAT_077,"Kapolei, USA",21.11,1153.8,1184.6,YES
1395,SAT_078,"Kapolei, USA",12.97,1061.0,1598.5,YES
1396,SAT_080,"Kapolei, USA",7.21,995.2,2008.4,YES
1403,SAT_163,"Kapolei, USA",7.51,998.7,1968.5,YES
1404,SAT_164,"Kapolei, USA",12.8,1059.0,1594.3,YES
1405,SAT_036,"Harmon, Guam",20.4,1145.7,1198.9,YES
1406,SAT_035,"Harmon, Guam",33.68,1297.3,766.0,YES
1407,SAT_034,"Harmon, Guam",58.58,1581.4,333.8,YES
1408,SAT_168,"Kapolei, USA",83.55,1866.4,62.8,YES
1409,SAT_132,"Tahiti, French Polynesia",76.29,1783.6,135.8,YES
1410,SAT_076,"Dubbo, Australia",74.16,1759.3,159.5,YES
1411,SAT_064,"Alice Springs, Australia",72.94,1745.3,171.0,YES
1412,SAT_093,"Awarua, New Zeland",69.47,1705.7,212.3,YES
1413,SAT_014,"Obihiro, Japan",77.47,1797.0,124.0,YES
1414,SAT_014,"Chitose, Japan",69.59,1707.1,207.0,YES
1415,SAT_021,"Seoul, South Korea",74.25,1760.2,156.7,YES
1416,SAT_065,"Mingenew, Australia",78.14,1804.6,117.6,YES
1417,SAT_046,Singapore,78.71,1811.1,110.1,YES
1418,SAT_167,"Mojave, USA",62.13,1622.0,290.4,YES
1419,SAT_187,"North Pole, USA",86.8,1903.5,31.5,YES
1420,SAT_191,"Utqiagvik, USA",83.5,1865.9,64.3,YES
1421,SAT_189,"Deadhorse, USA",53.9,1528.0,403.1,YES
1422,SAT_190,"Deadhorse, USA",32.67,1285.8,805.3,YES
1423,SAT_190,"Deadhorse, USA",20.63,1148.4,1207.6,YES
1424,SAT_166,"Pendergrass, USA",23.94,1186.1,1059.4,YES
1425,SAT_166,"Pendergrass, USA",37.93,1345.8,669.7,YES
1426,SAT_166,"Pendergrass, USA",62.8,1629.6,282.8,YES
1427,SAT_170,"Columbus, USA",78.34,1806.9,115.0,YES
1428,SAT_115,"Punta Arenas, Chile",77.07,1792.5,131.1,YES
1429,SAT_004,"Sodankylä, Finland",85.12,1884.3,48.4,YES
1430,SAT_030,"Zallaq, Bahrain",81.78,1846.1,80.3,YES
1431,SAT_005,"Stockholm, Sweden",76.59,1786.9,134.6,YES
1432,SAT_125,"Cordoba, Argentina",68.61,1695.9,219.9,YES
1433,SAT_199,"Dundee, Scotland",80.27,1829.0,97.0,YES
1434,SAT_001,"Guildford Pole, UK",86.11,1895.6,35.6,YES
1435,SAT_068,"Pretoria, South Africa",76.34,1784.1,136.9,YES
1436,SAT_077,"Cape Town, South Africa",83.07,1860.9,69.1,YES
1437,SAT_078,"Cape Town, South Africa",56.93,1562.6,364.2,YES
1438,SAT_078,"Cape Town, South Africa",33.75,1298.1,781.6,YES
1439,SAT_079,"Cape Town, South Africa",20.76,1149.9,1207.1,YES
